Workbook

Sheet Entries
A1: Show name | B1: Owner Id | C1: Owner title | D1: Owner first name | E1: Owner last name | F1: Owner address 1 | G1: Owner address 2 | H1: Owner town | I1: Owner county | J1: Owner postcode | K1: Owner country | L1: Owner phone | M1: Owner email address | N1: Owner registered name | O1: Vehicle registration | P1: Registered name | Q1: Registered number | R1: Breed | S1: Sex | T1: Date of birth | U1: Merit points | V1: Entered classes | W1: Preferred judge | X1: Extras | Y1: Confirmed acceptance of declaration | Z1: Withdraw all entries if balloted out of Championship C | AA1: Show address in catalogue | AB1: Notes to organiser | AC1: Date of Entry | AD1: Import
A2: WEST SUFFOLK OBEDIENCE - Sat 30th and Sun 31st May 2026 | B2: 677 | C2: Miss | D2: Yvonne | E2: Abra | F2: Kiln Farm | G2: Lower Road, Cavendish | H2: Sudbury | I2: Suffolk | J2: CO107QU | K2: United Kingdom | L2: 07885581115 | M2: yvonne_abra@hotmail.com | N2: Yvonne Abra | P2: Austmans Sirius Blue (A Ex) | Q2: AW04518001 | R2: Australian Cattle Dog | S2: Bitch | T2: 43784 | U2: 0 | V2: 6 | Y2: Yes | Z2: No | AA2: No | AC2: WyD
A3: WEST SUFFOLK OBEDIENCE - Sat 30th and Sun 31st May 2026 | B3: 677 | C3: Miss | D3: Yvonne | E3: Abra | F3: Kiln Farm | G3: Lower Road, Cavendish | H3: Sudbury | I3: Suffolk | J3: CO107QU | K3: United Kingdom | L3: 07885581115 | M3: yvonne_abra@hotmail.com | N3: Yvonne Abra | P3: Austmans Sirius Blue (A Ex) | Q3: AW04518001 | R3: Australian Cattle Dog | S3: Bitch | T3: 43784 | U3: 0 | V3: 7 | W3: Julie Sheldrake | Y3: Yes | Z3: No | AA3: No | AC3: WyD
A4: WEST SUFFOLK OBEDIENCE - Sat 30th and Sun 31st May 2026 | B4: 677 | C4: Miss | D4: Yvonne | E4: Abra | F4: Kiln Farm | G4: Lower Road, Cavendish | H4: Sudbury | I4: Suffolk | J4: CO107QU | K4: United Kingdom | L4: 07885581115 | M4: yvonne_abra@hotmail.com | N4: Yvonne Abra | P4: Austmans Sirius Blue (A Ex) | Q4: AW04518001 | R4: Australian Cattle Dog | S4: Bitch | T4: 43784 | U4: 0 | V4: 12 | Y4: Yes | Z4: No | AA4: No | AC4: WyD
A5: WEST SUFFOLK OBEDIENCE - Sat 30th and Sun 31st May 2026 | B5: 677 | C5: Miss | D5: Yvonne | E5: Abra | F5: Kiln Farm | G5: Lower Road, Cavendish | H5: Sudbury | I5: Suffolk | J5: CO107QU | K5: United Kingdom | L5: 07885581115 | M5: yvonne_abra@hotmail.com | N5: Yvonne Abra | P5: Austmans Sirius Blue (A Ex) | Q5: AW04518001 | R5: Australian Cattle Dog | S5: Bitch | T5: 43784 | U5: 0 | V5: 13 | W5: Ruth Britton | Y5: Yes | Z5: No | AA5: No | AC5: WyD
A6: WEST SUFFOLK OBEDIENCE - Sat 30th and Sun 31st May 2026 | B6: 677 | C6: Miss | D6: Yvonne | E6: Abra | F6: Kiln Farm | G6: Lower Road, Cavendish | H6: Sudbury | I6: Suffolk | J6: CO107QU | K6: United Kingdom | L6: 07885581115 | M6: yvonne_abra@hotmail.com | N6: Yvonne Abra | P6: Austmans Sirius Blue (A Ex) | Q6: AW04518001 | R6: Australian Cattle Dog | S6: Bitch | T6: 43784 | U6: 0 | V6: 14 | W6: Sandra Barnes | Y6: Yes | Z6: No | AA6: No | AC6: WyD
A7: WEST SUFFOLK OBEDIENCE - Sat 30th and Sun 31st May 2026 | B7: 6318 | C7: Mrs | D7: Julie | E7: Ainsworth | F7: 21 Orchard Croft | H7: Lowestoft | I7: Suffolk | J7: NR33 9JL | K7: United Kingdom | L7: 07710593802 | M7: sheezalady86@aol.com | N7: Julie Ainsworth | P7: Fyndd Sodor for Soxettt | Q7: AY09135541 | R7: BC | S7: Bitch | T7: 44076 | U7: 0 | V7: 1 | W7: Bridgette Cameron | Y7: Yes | Z7: No | AA7: No | AC7: WyD
A8: WEST SUFFOLK OBEDIENCE - Sat 30th and Sun 31st May 2026 | B8: 6318 | C8: Mrs | D8: Julie | E8: Ainsworth | F8: 21 Orchard Croft | H8: Lowestoft | I8: Suffolk | J8: NR33 9JL | K8: United Kingdom | L8: 07710593802 | M8: sheezalady86@aol.com | N8: Julie Ainsworth | P8: Fyndd Sodor for Soxettt | Q8: AY09135541 | R8: BC | S8: Bitch | T8: 44076 | U8: 0 | V8: 2 | W8: Claire Williams | Y8: Yes | Z8: No | AA8: No | AC8: WyD
A9: WEST SUFFOLK OBEDIENCE - Sat 30th and Sun 31st May 2026 | B9: 6318 | C9: Mrs | D9: Julie | E9: Ainsworth | F9: 21 Orchard Croft | H9: Lowestoft | I9: Suffolk | J9: NR33 9JL | K9: United Kingdom | L9: 07710593802 | M9: sheezalady86@aol.com | N9: Julie Ainsworth | P9: Mischief a D'Lite at Soxette | Q9: K0274232 | R9: WS | S9: Dog | T9: 45277 | U9: 0 | V9: 1 | W9: Bridgette Cameron | Y9: Yes | Z9: No | AA9: No | AC9: WyD
A10: WEST SUFFOLK OBEDIENCE - Sat 30th and Sun 31st May 2026 | B10: 6318 | C10: Mrs | D10: Julie | E10: Ainsworth | F10: 21 Orchard Croft | H10: Lowestoft | I10: Suffolk | J10: NR33 9JL | K10: United Kingdom | L10: 07710593802 | M10: sheezalady86@aol.com | N10: Julie Ainsworth | P10: Mischief a D'Lite at Soxette | Q10: K0274232 | R10: WS | S10: Dog | T10: 45277 | U10: 0 | V10: 2 | W10: Claire Williams | Y10: Yes | Z10: No | AA10: No | AC10: WyD
A11: WEST SUFFOLK OBEDIENCE - Sat 30th and Sun 31st May 2026 | B11: 6318 | C11: Mrs | D11: Julie | E11: Ainsworth | F11: 21 Orchard Croft | H11: Lowestoft | I11: Suffolk | J11: NR33 9JL | K11: United Kingdom | L11: 07710593802 | M11: sheezalady86@aol.com | N11: Julie Ainsworth | P11: Mischief a D'Lite at Soxette | Q11: K0274232 | R11: WS | S11: Dog | T11: 45277 | U11: 0 | V11: 3 | W11: Janet Stewart Baldry | Y11: Yes | Z11: No | AA11: No | AC11: WyD
A12: WEST SUFFOLK OBEDIENCE - Sat 30th and Sun 31st May 2026 | B12: 5307 | C12: Mrs | D12: Una | E12: Alexander | F12: Fairways Middle Green | G12: Wakes Colne | H12: Colechester | I12: Essex | J12: CO6 2BN | K12: United Kingdom | L12: 07954440355 | M12: una.a81@gmail.com | N12: Mrs UP & Mr MJ Alexander | P12: Chestnut Victor | Q12: K0267280 | R12: Cockapoo | S12: Dog | T12: 44147 | U12: 0 | V12: 1 | W12: Bridgette Cameron | Y12: Yes | Z12: No | AA12: No | AC12: WyD
A13: WEST SUFFOLK OBEDIENCE - Sat 30th and Sun 31st May 2026 | B13: 5307 | C13: Mrs | D13: Una | E13: Alexander | F13: Fairways Middle Green | G13: Wakes Colne | H13: Colechester | I13: Essex | J13: CO6 2BN | K13: United Kingdom | L13: 07954440355 | M13: una.a81@gmail.com | N13: Mrs UP & Mr MJ Alexander | P13: Chestnut Victor | Q13: K0267280 | R13: Cockapoo | S13: Dog | T13: 44147 | U13: 0 | V13: 2 | W13: Claire Williams | Y13: Yes | Z13: No | AA13: No | AC13: WyD
A14: WEST SUFFOLK OBEDIENCE - Sat 30th and Sun 31st May 2026 | B14: 3874 | C14: Mrs | D14: Angie | E14: Allen | F14: 10 Ashfield Crescent | H14: Lowestoft | I14: Suffolk | J14: NR33 9BE | K14: United Kingdom | L14: 07717774722 | M14: angela-allen1@sky.com | N14: Mrs A Allen | P14: Qimugta Malfy | Q14: BA18318101 | R14: Canadian Eskimo Fog | S14: Dog | T14: 44927 | U14: 0 | V14: 1 | W14: Bridgette Cameron | Y14: Yes | Z14: No | AA14: No | AC14: WyD
A15: WEST SUFFOLK OBEDIENCE - Sat 30th and Sun 31st May 2026 | B15: 3874 | C15: Mrs | D15: Angie | E15: Allen | F15: 10 Ashfield Crescent | H15: Lowestoft | I15: Suffolk | J15: NR33 9BE | K15: United Kingdom | L15: 07717774722 | M15: angela-allen1@sky.com | N15: Mrs A Allen | P15: Qimugta Malfy | Q15: BA18318101 | R15: Canadian Eskimo Fog | S15: Dog | T15: 44927 | U15: 0 | V15: 8 | W15: Alex Berry | Y15: Yes | Z15: No | AA15: No | AC15: WyD
A16: WEST SUFFOLK OBEDIENCE - Sat 30th and Sun 31st May 2026 | B16: 3874 | C16: Mrs | D16: Angie | E16: Allen | F16: 10 Ashfield Crescent | H16: Lowestoft | I16: Suffolk | J16: NR33 9BE | K16: United Kingdom | L16: 07717774722 | M16: angela-allen1@sky.com | N16: Mrs A Allen | P16: Qimugta Malfy | Q16: BA18318101 | R16: Canadian Eskimo Fog | S16: Dog | T16: 44927 | U16: 0 | V16: 2 | W16: Claire Williams | Y16: Yes | Z16: No | AA16: No | AC16: WyD
A17: WEST SUFFOLK OBEDIENCE - Sat 30th and Sun 31st May 2026 | B17: 701 | C17: Mrs | D17: Tracy | E17: Ansell | F17: 9 Bates close | H17: HIGHAM FERRES | I17: NORTHANTS | J17: NN10 8HF | K17: United Kingdom | L17: 01933353038 | M17: srallebone9@gmail.com | N17: Mrs Tracy Ansell | P17: Buskru Go With the Flo | Q17: K0269947 | R17: XB | S17: Bitch | T17: 44890 | U17: 0 | V17: 5 | W17: Gina Zantboer | X17: 1. Camping Friday Night (from Friday mid-day),2. Camping Sat Night | Y17: Yes | Z17: No | AA17: No | AC17: WyD
A18: WEST SUFFOLK OBEDIENCE - Sat 30th and Sun 31st May 2026 | B18: 701 | C18: Mrs | D18: Tracy | E18: Ansell | F18: 9 Bates close | H18: HIGHAM FERRES | I18: NORTHANTS | J18: NN10 8HF | K18: United Kingdom | L18: 01933353038 | M18: srallebone9@gmail.com | N18: Mrs Tracy Ansell | P18: Tazziemin Strike a Pose for Chalkwell | Q18: AZ15444205 | R18: Std Poodle | S18: Bitch | T18: 44754 | U18: 0 | V18: 5 | W18: Christine Richardson | X18: 1. Camping Friday Night (from Friday mid-day),2. Camping Sat Night | Y18: Yes | Z18: No | AA18: No | AC18: WyD
A19: WEST SUFFOLK OBEDIENCE - Sat 30th and Sun 31st May 2026 | B19: 701 | C19: Mrs | D19: Tracy | E19: Ansell | F19: 9 Bates close | H19: HIGHAM FERRES | I19: NORTHANTS | J19: NN10 8HF | K19: United Kingdom | L19: 01933353038 | M19: srallebone9@gmail.com | N19: Mrs Tracy Ansell | P19: Tazziemin Strike a Pose for Chalkwell | Q19: AZ15444205 | R19: Std Poodle | S19: Bitch | T19: 44754 | U19: 0 | V19: 6 | X19: 1. Camping Friday Night (from Friday mid-day),2. Camping Sat Night | Y19: Yes | Z19: No | AA19: No | AC19: WyD
A20: WEST SUFFOLK OBEDIENCE - Sat 30th and Sun 31st May 2026 | B20: 701 | C20: Mrs | D20: Tracy | E20: Ansell | F20: 9 Bates close | H20: HIGHAM FERRES | I20: NORTHANTS | J20: NN10 8HF | K20: United Kingdom | L20: 01933353038 | M20: srallebone9@gmail.com | N20: Mrs Tracy Ansell | P20: Chalkwell Worth a Shot | Q20: AU00900601 | R20: Std Poodle | S20: Dog | T20: 42657 | U20: 0 | V20: 7 | W20: Julie Sheldrake | X20: 1. Camping Friday Night (from Friday mid-day),2. Camping Sat Night | Y20: Yes | Z20: No | AA20: No | AC20: WyD
A21: WEST SUFFOLK OBEDIENCE - Sat 30th and Sun 31st May 2026 | B21: 701 | C21: Mrs | D21: Tracy | E21: Ansell | F21: 9 Bates close | H21: HIGHAM FERRES | I21: NORTHANTS | J21: NN10 8HF | K21: United Kingdom | L21: 01933353038 | M21: srallebone9@gmail.com | N21: Mrs Tracy Ansell | P21: Buskru Go With the Flo | Q21: K0269947 | R21: XB | S21: Bitch | T21: 44890 | U21: 0 | V21: 11 | W21: Sue Parmiter | X21: 1. Camping Friday Night (from Friday mid-day),2. Camping Sat Night | Y21: Yes | Z21: No | AA21: No | AC21: WyD
A22: WEST SUFFOLK OBEDIENCE - Sat 30th and Sun 31st May 2026 | B22: 701 | C22: Mrs | D22: Tracy | E22: Ansell | F22: 9 Bates close | H22: HIGHAM FERRES | I22: NORTHANTS | J22: NN10 8HF | K22: United Kingdom | L22: 01933353038 | M22: srallebone9@gmail.com | N22: Mrs Tracy Ansell | P22: Tazziemin Strike a Pose for Chalkwell | Q22: AZ15444205 | R22: Std Poodle | S22: Bitch | T22: 44754 | U22: 0 | V22: 11 | W22: Claire Jameson | X22: 1. Camping Friday Night (from Friday mid-day),2. Camping Sat Night | Y22: Yes | Z22: No | AA22: No | AC22: WyD
A23: WEST SUFFOLK OBEDIENCE - Sat 30th and Sun 31st May 2026 | B23: 701 | C23: Mrs | D23: Tracy | E23: Ansell | F23: 9 Bates close | H23: HIGHAM FERRES | I23: NORTHANTS | J23: NN10 8HF | K23: United Kingdom | L23: 01933353038 | M23: srallebone9@gmail.com | N23: Mrs Tracy Ansell | P23: Chalkwell Worth a Shot | Q23: AU00900601 | R23: Std Poodle | S23: Dog | T23: 42657 | U23: 0 | V23: 13 | W23: Ruth Britton | X23: 1. Camping Friday Night (from Friday mid-day),2. Camping Sat Night | Y23: Yes | Z23: No | AA23: No | AC23: WyD
A24: WEST SUFFOLK OBEDIENCE - Sat 30th and Sun 31st May 2026 | B24: 877 | C24: Mrs | D24: Julie | E24: Appleton | F24: 10 Belchamps Way | H24: Hockley | I24: Essex | J24: SS5 4NT | K24: United Kingdom | L24: 01702 201346 | M24: appleton.julie@btinternet.com | N24: Mrs Julie Appleton | P24: Purbarn Its Riders on a Storm at Applebel | Q24: BB24610206 | R24: Golden Retriever | S24: Bitch | T24: 45355 | U24: 0 | V24: 4 | W24: Christine Bowles | Y24: Yes | Z24: No | AA24: No | AC24: WyD
A25: WEST SUFFOLK OBEDIENCE - Sat 30th and Sun 31st May 2026 | B25: 877 | C25: Mrs | D25: Julie | E25: Appleton | F25: 10 Belchamps Way | H25: Hockley | I25: Essex | J25: SS5 4NT | K25: United Kingdom | L25: 01702 201346 | M25: appleton.julie@btinternet.com | N25: Mrs Julie Appleton | P25: Applebel Tamarind | Q25: AT04075001 | R25: Golden Retriever | S25: Bitch | T25: 42659 | U25: 0 | V25: 7 | W25: Julie Sheldrake | Y25: Yes | Z25: No | AA25: No | AC25: WyD
A26: WEST SUFFOLK OBEDIENCE - Sat 30th and Sun 31st May 2026 | B26: 877 | C26: Mrs | D26: Julie | E26: Appleton | F26: 10 Belchamps Way | H26: Hockley | I26: Essex | J26: SS5 4NT | K26: United Kingdom | L26: 01702 201346 | M26: appleton.julie@btinternet.com | N26: Mrs Julie Appleton | P26: Purbarn Its Riders on a Storm at Applebel | Q26: BB24610206 | R26: Golden Retriever | S26: Bitch | T26: 45355 | U26: 0 | V26: 10 | W26: No preference | Y26: Yes | Z26: No | AA26: No | AC26: WyD
A27: WEST SUFFOLK OBEDIENCE - Sat 30th and Sun 31st May 2026 | B27: 877 | C27: Mrs | D27: Julie | E27: Appleton | F27: 10 Belchamps Way | H27: Hockley | I27: Essex | J27: SS5 4NT | K27: United Kingdom | L27: 01702 201346 | M27: appleton.julie@btinternet.com | N27: Mrs Julie Appleton | P27: Applebel Tamarind | Q27: AT04075001 | R27: Golden Retriever | S27: Bitch | T27: 42659 | U27: 0 | V27: 13 | W27: Ruth Britton | Y27: Yes | Z27: No | AA27: No | AC27: WyD
A28: WEST SUFFOLK OBEDIENCE - Sat 30th and Sun 31st May 2026 | B28: 878 | C28: Mr | D28: Ian | E28: Appleton | F28: 10 Belchamps Way | H28: Hockley | I28: Essex | J28: SS5 4NT | K28: United Kingdom | L28: 01702 201346 | M28: appleton.ian@btinternet.com | N28: Mr Ian Appleton | P28: Applebel Tomatin | Q28: AY05276601 | R28: Golden Retriever | S28: Dog | T28: 44086 | U28: 0 | V28: 5 | W28: Gina Zantboer | Y28: Yes | Z28: No | AA28: No | AC28: WyD
A29: WEST SUFFOLK OBEDIENCE - Sat 30th and Sun 31st May 2026 | B29: 878 | C29: Mr | D29: Ian | E29: Appleton | F29: 10 Belchamps Way | H29: Hockley | I29: Essex | J29: SS5 4NT | K29: United Kingdom | L29: 01702 201346 | M29: appleton.ian@btinternet.com | N29: Mr Ian Appleton | P29: Applebel Tomatin | Q29: AY05276601 | R29: Golden Retriever | S29: Dog | T29: 44086 | U29: 0 | V29: 6 | Y29: Yes | Z29: No | AA29: No | AC29: WyD
A30: WEST SUFFOLK OBEDIENCE - Sat 30th and Sun 31st May 2026 | B30: 878 | C30: Mr | D30: Ian | E30: Appleton | F30: 10 Belchamps Way | H30: Hockley | I30: Essex | J30: SS5 4NT | K30: United Kingdom | L30: 01702 201346 | M30: appleton.ian@btinternet.com | N30: Mr Ian Appleton | P30: Applebel Tomatin | Q30: AY05276601 | R30: Golden Retriever | S30: Dog | T30: 44086 | U30: 0 | V30: 11 | W30: Claire Jameson | Y30: Yes | Z30: No | AA30: No | AC30: WyD
A31: WEST SUFFOLK OBEDIENCE - Sat 30th and Sun 31st May 2026 | B31: 878 | C31: Mr | D31: Ian | E31: Appleton | F31: 10 Belchamps Way | H31: Hockley | I31: Essex | J31: SS5 4NT | K31: United Kingdom | L31: 01702 201346 | M31: appleton.ian@btinternet.com | N31: Mr Ian Appleton | P31: Applebel Tomatin | Q31: AY05276601 | R31: Golden Retriever | S31: Dog | T31: 44086 | U31: 0 | V31: 12 | Y31: Yes | Z31: No | AA31: No | AC31: WyD
A32: WEST SUFFOLK OBEDIENCE - Sat 30th and Sun 31st May 2026 | B32: 6812 | C32: Mrs | D32: Angela | E32: Armstrong | F32: 10 Holt Farm Way | H32: Rochford | I32: Essex | J32: SS4 1SA | K32: United Kingdom | L32: 07779236870 | M32: angie.armstrong1954@gmail.com | N32: Mrs V & Mr K Walker | P32: Black Melanite (AY1) | Q32: AY06397805 | R32: Spaniel (Cocker) | S32: Bitch | T32: 44270 | U32: 0 | V32: 1 | W32: Bridgette Cameron | Y32: Yes | Z32: No | AA32: No | AC32: WyD
A33: WEST SUFFOLK OBEDIENCE - Sat 30th and Sun 31st May 2026 | B33: 6812 | C33: Mrs | D33: Angela | E33: Armstrong | F33: 10 Holt Farm Way | H33: Rochford | I33: Essex | J33: SS4 1SA | K33: United Kingdom | L33: 07779236870 | M33: angie.armstrong1954@gmail.com | N33: Mrs V & Mr K Walker | P33: Black Melanite (AY1) | Q33: AY06397805 | R33: Spaniel (Cocker) | S33: Bitch | T33: 44270 | U33: 0 | V33: 2 | W33: Claire Williams | Y33: Yes | Z33: No | AA33: No | AC33: WyD
A34: WEST SUFFOLK OBEDIENCE - Sat 30th and Sun 31st May 2026 | B34: 2342 | C34: Miss | D34: Katrina | E34: Arnold | F34: 17 Eden Way | H34: Warlingham | I34: Surrey | J34: CR6 9DP | K34: United Kingdom | L34: 07778388879 | M34: katrina.arnold@btinternet.com | N34: Miss K Arnold | P34: Tilemash Just In Time | Q34: KO275197 | R34: WS | S34: Dog | T34: 45348 | U34: 0 | V34: 4 | W34: No preference | Y34: Yes | Z34: No | AA34: No | AC34: WyD
A35: WEST SUFFOLK OBEDIENCE - Sat 30th and Sun 31st May 2026 | B35: 2342 | C35: Miss | D35: Katrina | E35: Arnold | F35: 17 Eden Way | H35: Warlingham | I35: Surrey | J35: CR6 9DP | K35: United Kingdom | L35: 07778388879 | M35: katrina.arnold@btinternet.com | N35: Miss K Arnold | P35: DeeAnn Reckless Eric | Q35: AV03405102 | R35: BC | S35: Dog | T35: 43302 | U35: 0 | V35: 6 | Y35: Yes | Z35: No | AA35: No | AC35: WyD
A36: WEST SUFFOLK OBEDIENCE - Sat 30th and Sun 31st May 2026 | B36: 2342 | C36: Miss | D36: Katrina | E36: Arnold | F36: 17 Eden Way | H36: Warlingham | I36: Surrey | J36: CR6 9DP | K36: United Kingdom | L36: 07778388879 | M36: katrina.arnold@btinternet.com | N36: Miss K Arnold | P36: DeeAnn Reckless Eric | Q36: AV03405102 | R36: BC | S36: Dog | T36: 43302 | U36: 0 | V36: 7 | W36: Julie Sheldrake | Y36: Yes | Z36: No | AA36: No | AC36: WyD
A37: WEST SUFFOLK OBEDIENCE - Sat 30th and Sun 31st May 2026 | B37: 6787 | C37: Mrs | D37: Isobel | E37: Ashbey | F37: 3 Pound Farm Barns | G37: Weston Colville | H37: CAMBRIDGE | I37: Cambridgeshire | J37: CB21 5NZ | K37: United Kingdom | L37: 07889686588 | M37: isobelashbey@gmail.com | N37: Isobel Ashbey | P37: Miles Buddlington | Q37: K0280619 | S37: Dog | T37: 44313 | U37: 0 | V37: 8 | W37: Alex Berry | Y37: Yes | Z37: No | AA37: No | AC37: WyD
A38: WEST SUFFOLK OBEDIENCE - Sat 30th and Sun 31st May 2026 | B38: 6787 | C38: Mrs | D38: Isobel | E38: Ashbey | F38: 3 Pound Farm Barns | G38: Weston Colville | H38: CAMBRIDGE | I38: Cambridgeshire | J38: CB21 5NZ | K38: United Kingdom | L38: 07889686588 | M38: isobelashbey@gmail.com | N38: Isobel Ashbey | P38: Miles Buddlington | Q38: K0280619 | S38: Dog | T38: 44313 | U38: 0 | V38: 9 | W38: Pam Durham | Y38: Yes | Z38: No | AA38: No | AC38: WyD
A39: WEST SUFFOLK OBEDIENCE - Sat 30th and Sun 31st May 2026 | B39: 6787 | C39: Mrs | D39: Isobel | E39: Ashbey | F39: 3 Pound Farm Barns | G39: Weston Colville | H39: CAMBRIDGE | I39: Cambridgeshire | J39: CB21 5NZ | K39: United Kingdom | L39: 07889686588 | M39: isobelashbey@gmail.com | N39: Isobel Ashbey | P39: Miles Buddlington | Q39: K0280619 | S39: Dog | T39: 44313 | U39: 0 | V39: 14 | W39: Sandra Barnes | Y39: Yes | Z39: No | AA39: No | AC39: WyD
A40: WEST SUFFOLK OBEDIENCE - Sat 30th and Sun 31st May 2026 | B40: 5751 | C40: Mrs | D40: Carol | E40: Ashby | F40: 12 RAYNHAM VILLAS, HUNTON ROAD, | H40: MARDEN, TONBRIDGE | I40: kent | J40: TN129SZ | K40: United Kingdom | L40: 01622 820791 | M40: invicta2@hotmail.co.uk | N40: Carol Ashby | P40: Lovely Dovelee | Q40: k0270418 | R40: jackapoo | S40: Bitch | T40: 44827 | U40: 0 | V40: 4 | W40: No preference | Y40: Yes | Z40: No | AA40: No | AC40: WyD
A41: WEST SUFFOLK OBEDIENCE - Sat 30th and Sun 31st May 2026 | B41: 683 | C41: Miss | D41: Debbie | E41: Back | F41: 68 Albert Street | H41: Spalding | I41: Lincs | J41: PE11 2LD | K41: United Kingdom | L41: 07979962230 | M41: debzdoggz@gmail.com | N41: Miss Debbie Back | P41: Buskru Notaff Ahkenoodle | Q41: K0269113 | R41: XB | S41: Dog | T41: 44890 | U41: 0 | V41: 6 | Y41: Yes | Z41: No | AA41: No | AC41: WyD
A42: WEST SUFFOLK OBEDIENCE - Sat 30th and Sun 31st May 2026 | B42: 683 | C42: Miss | D42: Debbie | E42: Back | F42: 68 Albert Street | H42: Spalding | I42: Lincs | J42: PE11 2LD | K42: United Kingdom | L42: 07979962230 | M42: debzdoggz@gmail.com | N42: Miss Debbie Back | P42: Lynzensu Hot to Trot | Q42: AU04035701 | R42: Std Poodle | S42: Dog | T42: 42992 | U42: 0 | V42: 11 | W42: Claire Jameson | Y42: Yes | Z42: No | AA42: No | AC42: WyD
A43: WEST SUFFOLK OBEDIENCE - Sat 30th and Sun 31st May 2026 | B43: 683 | C43: Miss | D43: Debbie | E43: Back | F43: 68 Albert Street | H43: Spalding | I43: Lincs | J43: PE11 2LD | K43: United Kingdom | L43: 07979962230 | M43: debzdoggz@gmail.com | N43: Miss Debbie Back | P43: Buskru Notaff Ahkenoodle | Q43: K0269113 | R43: XB | S43: Dog | T43: 44890 | U43: 0 | V43: 12 | W43: Victoria Cook | Y43: Yes | Z43: No | AA43: No | AC43: WyD
A44: WEST SUFFOLK OBEDIENCE - Sat 30th and Sun 31st May 2026 | B44: 6814 | C44: Mrs | D44: Anita | E44: Bagge | F44: Chapel Cottage, Church Street | G44: Horsham St. Faith | H44: Norwich | I44: Norfolk | J44: NR10 3JJ | K44: United Kingdom | L44: 01603 890871 | M44: anitabagge@live.com | N44: Anita Bagge | P44: Saverni Bora | Q44: BB26418406 | R44: BC | S44: Bitch | T44: 45576 | U44: 0 | V44: 3 | W44: Janet Stewart Baldry | Y44: Yes | Z44: No | AA44: Yes | AC44: WyD
A45: WEST SUFFOLK OBEDIENCE - Sat 30th and Sun 31st May 2026 | B45: 6814 | C45: Mrs | D45: Anita | E45: Bagge | F45: Chapel Cottage, Church Street | G45: Horsham St. Faith | H45: Norwich | I45: Norfolk | J45: NR10 3JJ | K45: United Kingdom | L45: 01603 890871 | M45: anitabagge@live.com | N45: Anita Bagge | P45: Saverni Bora | Q45: BB26418406 | R45: BC | S45: Bitch | T45: 45576 | U45: 0 | V45: 9 | W45: Pam Durham | Y45: Yes | Z45: No | AA45: Yes | AC45: WyD
A46: WEST SUFFOLK OBEDIENCE - Sat 30th and Sun 31st May 2026 | B46: 1384 | C46: Mrs | D46: Kate | E46: Bartram | F46: Bromptons Cottage | G46: Colne Engaine | H46: Colchester | I46: Essex | J46: CO6 2HN | K46: United Kingdom | L46: 07921452558 | M46: katebartam21@gmail.com | N46: Mrs C and Mr I J Bartram | P46: Glorioso Rey De Reyes | Q46: F5-11065-2023 | R46: BSD | S46: Dog | T46: 44514 | U46: 0 | V46: 6 | Y46: Yes | Z46: No | AA46: No | AC46: WyD
A47: WEST SUFFOLK OBEDIENCE - Sat 30th and Sun 31st May 2026 | B47: 1384 | C47: Mrs | D47: Kate | E47: Bartram | F47: Bromptons Cottage | G47: Colne Engaine | H47: Colchester | I47: Essex | J47: CO6 2HN | K47: United Kingdom | L47: 07921452558 | M47: katebartam21@gmail.com | N47: Mrs C and Mr I J Bartram | P47: Glorioso Rey De Reyes | Q47: F5-11065-2023 | R47: BSD | S47: Dog | T47: 44514 | U47: 0 | V47: 5 | W47: Gina Zantboer | Y47: Yes | Z47: No | AA47: No | AC47: WyD
A48: WEST SUFFOLK OBEDIENCE - Sat 30th and Sun 31st May 2026 | B48: 1384 | C48: Mrs | D48: Kate | E48: Bartram | F48: Bromptons Cottage | G48: Colne Engaine | H48: Colchester | I48: Essex | J48: CO6 2HN | K48: United Kingdom | L48: 07921452558 | M48: katebartam21@gmail.com | N48: Mrs C and Mr I J Bartram | P48: Glorioso Rey De Reyes | Q48: F5-11065-2023 | R48: BSD | S48: Dog | T48: 44514 | U48: 0 | V48: 12 | Y48: Yes | Z48: No | AA48: No | AC48: WyD
A49: WEST SUFFOLK OBEDIENCE - Sat 30th and Sun 31st May 2026 | B49: 1384 | C49: Mrs | D49: Kate | E49: Bartram | F49: Bromptons Cottage | G49: Colne Engaine | H49: Colchester | I49: Essex | J49: CO6 2HN | K49: United Kingdom | L49: 07921452558 | M49: katebartam21@gmail.com | N49: Mrs C and Mr I J Bartram | P49: Glorioso Rey De Reyes | Q49: F5-11065-2023 | R49: BSD | S49: Dog | T49: 44514 | U49: 0 | V49: 11 | W49: Claire Jameson | Y49: Yes | Z49: No | AA49: No | AC49: WyD
A50: WEST SUFFOLK OBEDIENCE - Sat 30th and Sun 31st May 2026 | B50: 1131 | C50: Ms | D50: Donna | E50: Bastin | F50: 9 William Court | G50: Aspley | H50: Hemel Hempstead | I50: Herts | J50: HP3 0AY | K50: United Kingdom | L50: 01442 405387 | M50: donna.bastin@ntlworld.com | N50: Donna Bastin | P50: Landini Rex | Q50: K0278260 | R50: WS | S50: Dog | T50: 45759 | U50: 0 | V50: 4 | W50: Christine Bowles | Y50: Yes | Z50: No | AA50: No | AC50: WyD
A51: WEST SUFFOLK OBEDIENCE - Sat 30th and Sun 31st May 2026 | B51: 1131 | C51: Ms | D51: Donna | E51: Bastin | F51: 9 William Court | G51: Aspley | H51: Hemel Hempstead | I51: Herts | J51: HP3 0AY | K51: United Kingdom | L51: 01442 405387 | M51: donna.bastin@ntlworld.com | N51: Donna Bastin | P51: Kethinna My John Deere** B EX | Q51: AW0903477 | R51: BC | S51: Dog | T51: 43217 | U51: 0 | V51: 7 | W51: Julie Sheldrake | Y51: Yes | Z51: No | AA51: No | AC51: WyD
A52: WEST SUFFOLK OBEDIENCE - Sat 30th and Sun 31st May 2026 | B52: 1131 | C52: Ms | D52: Donna | E52: Bastin | F52: 9 William Court | G52: Aspley | H52: Hemel Hempstead | I52: Herts | J52: HP3 0AY | K52: United Kingdom | L52: 01442 405387 | M52: donna.bastin@ntlworld.com | N52: Donna Bastin | P52: Landini Rex | Q52: K0278260 | R52: WS | S52: Dog | T52: 45759 | U52: 0 | V52: 10 | W52: Tina Keene | Y52: Yes | Z52: No | AA52: No | AC52: WyD
A53: WEST SUFFOLK OBEDIENCE - Sat 30th and Sun 31st May 2026 | B53: 1131 | C53: Ms | D53: Donna | E53: Bastin | F53: 9 William Court | G53: Aspley | H53: Hemel Hempstead | I53: Herts | J53: HP3 0AY | K53: United Kingdom | L53: 01442 405387 | M53: donna.bastin@ntlworld.com | N53: Donna Bastin | P53: Kethinna My John Deere** B EX | Q53: AW0903477 | R53: BC | S53: Dog | T53: 43217 | U53: 0 | V53: 13 | W53: Ruth Britton | Y53: Yes | Z53: No | AA53: No | AC53: WyD
A54: WEST SUFFOLK OBEDIENCE - Sat 30th and Sun 31st May 2026 | B54: 54 | C54: Ms | D54: Rosemary | E54: Bate | F54: Corner Farm, Sibton | G54: Sibton | H54: Saxmundham | I54: Please select a region, state or province. | J54: IP17 2NE | K54: United Kingdom | L54: 441728660244 | M54: rosemary.bate@googlemail.com | N54: Rose Bate | P54: Gipping Valley Iolaire of Robate | Q54: AZ0918989 | R54: BC | S54: Bitch | T54: 44051 | U54: 0 | V54: 4 | W54: Christine Bowles | X54: 1. Camping Friday Night (from Friday mid-day),2. Camping Sat Night | Y54: Yes | Z54: No | AA54: No | AC54: WyD
A55: WEST SUFFOLK OBEDIENCE - Sat 30th and Sun 31st May 2026 | B55: 54 | C55: Ms | D55: Rosemary | E55: Bate | F55: Corner Farm, Sibton | G55: Sibton | H55: Saxmundham | I55: Please select a region, state or province. | J55: IP17 2NE | K55: United Kingdom | L55: 441728660244 | M55: rosemary.bate@googlemail.com | N55: Rose Bate | P55: Gipping Valley Iolaire of Robate | Q55: AZ0918989 | R55: BC | S55: Bitch | T55: 44051 | U55: 0 | V55: 10 | W55: No preference | X55: 1. Camping Friday Night (from Friday mid-day),2. Camping Sat Night | Y55: Yes | Z55: No | AA55: No | AC55: WyD
A56: WEST SUFFOLK OBEDIENCE - Sat 30th and Sun 31st May 2026 | B56: 4705 | C56: Mr | D56: Sue | E56: Benstock | F56: 6 Hunger Hill | H56: Dursley | I56: Gloucestershire | J56: GL11 4JR | K56: United Kingdom | L56: 07806 923568 | M56: lizajim@googlemail.com | N56: Sue Benstock | P56: Buddy Bug | Q56: K0261621 | R56: WS | S56: Dog | T56: 44355 | U56: 0 | V56: 5 | W56: No preference | X56: 1. Camping Friday Night (from Friday mid-day),2. Camping Sat Night,3. Camping Sunday Night (must be gone by 11:00 am) | Y56: Yes | Z56: No | AA56: No | AB56: If drawn please could it be in Class C with Glennie Glen. Tia | AC56: WyD
A57: WEST SUFFOLK OBEDIENCE - Sat 30th and Sun 31st May 2026 | B57: 4705 | C57: Mr | D57: Sue | E57: Benstock | F57: 6 Hunger Hill | H57: Dursley | I57: Gloucestershire | J57: GL11 4JR | K57: United Kingdom | L57: 07806 923568 | M57: lizajim@googlemail.com | N57: Sue Benstock | P57: Buddy Bug | Q57: K0261621 | R57: WS | S57: Dog | T57: 44355 | U57: 0 | V57: 6 | X57: 1. Camping Friday Night (from Friday mid-day),2. Camping Sat Night,3. Camping Sunday Night (must be gone by 11:00 am) | Y57: Yes | Z57: No | AA57: No | AB57: If drawn please could it be in Class C with Glennie Glen. Tia | AC57: WyD
A58: WEST SUFFOLK OBEDIENCE - Sat 30th and Sun 31st May 2026 | B58: 4705 | C58: Mr | D58: Sue | E58: Benstock | F58: 6 Hunger Hill | H58: Dursley | I58: Gloucestershire | J58: GL11 4JR | K58: United Kingdom | L58: 07806 923568 | M58: lizajim@googlemail.com | N58: Sue Benstock | P58: Buddy Bug | Q58: K0261621 | R58: WS | S58: Dog | T58: 44355 | U58: 0 | V58: 11 | W58: Claire Jameson | X58: 1. Camping Friday Night (from Friday mid-day),2. Camping Sat Night,3. Camping Sunday Night (must be gone by 11:00 am) | Y58: Yes | Z58: No | AA58: No | AB58: If drawn please could it be in Class C with Glennie Glen. Tia | AC58: WyD
A59: WEST SUFFOLK OBEDIENCE - Sat 30th and Sun 31st May 2026 | B59: 4705 | C59: Mr | D59: Sue | E59: Benstock | F59: 6 Hunger Hill | H59: Dursley | I59: Gloucestershire | J59: GL11 4JR | K59: United Kingdom | L59: 07806 923568 | M59: lizajim@googlemail.com | N59: Sue Benstock | P59: Buddy Bug | Q59: K0261621 | R59: WS | S59: Dog | T59: 44355 | U59: 0 | V59: 12 | X59: 1. Camping Friday Night (from Friday mid-day),2. Camping Sat Night,3. Camping Sunday Night (must be gone by 11:00 am) | Y59: Yes | Z59: No | AA59: No | AB59: If drawn please could it be in Class C with Glennie Glen. Tia | AC59: WyD
A60: WEST SUFFOLK OBEDIENCE - Sat 30th and Sun 31st May 2026 | B60: 4705 | C60: Mr | D60: Sue | E60: Benstock | F60: 6 Hunger Hill | H60: Dursley | I60: Gloucestershire | J60: GL11 4JR | K60: United Kingdom | L60: 07806 923568 | M60: lizajim@googlemail.com | N60: Sue Benstock | P60: Glennie Glen | Q60: k164560 | R60: WS | S60: Dog | T60: 42507 | U60: 0 | V60: 7 | W60: Julie Sheldrake | X60: 1. Camping Friday Night (from Friday mid-day),2. Camping Sat Night,3. Camping Sunday Night (must be gone by 11:00 am) | Y60: Yes | Z60: No | AA60: No | AB60: If drawn please could it be in Class C with Glennie Glen. Tia | AC60: WyD
A61: WEST SUFFOLK OBEDIENCE - Sat 30th and Sun 31st May 2026 | B61: 103 | C61: Ms | D61: Jill | E61: Berry | F61: 15 Pinfold lane | G61: Northwold | H61: Thetford | I61: Norfolk | J61: IP26 5LH | K61: United Kingdom | L61: 01366727177 | M61: jillberryiow@gmail.com | N61: Jill Berry | P61: Aliola's Galway Girl | Q61: BC28194906 | R61: BC | S61: Bitch | T61: 45733 | U61: 0 | V61: 4 | W61: Suzanne Walker | Y61: Yes | Z61: No | AA61: No | AC61: WyD
A62: WEST SUFFOLK OBEDIENCE - Sat 30th and Sun 31st May 2026 | B62: 103 | C62: Ms | D62: Jill | E62: Berry | F62: 15 Pinfold lane | G62: Northwold | H62: Thetford | I62: Norfolk | J62: IP26 5LH | K62: United Kingdom | L62: 01366727177 | M62: jillberryiow@gmail.com | N62: Jill Berry | Q62: AV04883302 | R62: BC | S62: Dog | T62: 43429 | U62: 0 | V62: 12 | Y62: Yes | Z62: No | AA62: No | AC62: WyD
A63: WEST SUFFOLK OBEDIENCE - Sat 30th and Sun 31st May 2026 | B63: 103 | C63: Ms | D63: Jill | E63: Berry | F63: 15 Pinfold lane | G63: Northwold | H63: Thetford | I63: Norfolk | J63: IP26 5LH | K63: United Kingdom | L63: 01366727177 | M63: jillberryiow@gmail.com | N63: Jill Berry | P63: Aliola's Galway Girl | Q63: BC28194906 | R63: BC | S63: Bitch | T63: 45733 | U63: 0 | V63: 10 | W63: No preference | Y63: Yes | Z63: No | AA63: No | AC63: WyD
A64: WEST SUFFOLK OBEDIENCE - Sat 30th and Sun 31st May 2026 | B64: 103 | C64: Ms | D64: Jill | E64: Berry | F64: 15 Pinfold lane | G64: Northwold | H64: Thetford | I64: Norfolk | J64: IP26 5LH | K64: United Kingdom | L64: 01366727177 | M64: jillberryiow@gmail.com | N64: Jill Berry | P64: Sixela Solstice | Q64: AV04883302 | R64: BC | S64: Dog | T64: 43429 | U64: 0 | V64: 6 | Y64: Yes | Z64: No | AA64: No | AC64: WyD
A65: WEST SUFFOLK OBEDIENCE - Sat 30th and Sun 31st May 2026 | B65: 4237 | C65: Mr | D65: Alex | E65: Berry | F65: 91 Church Street | H65: Great Harwood | I65: Lancashire | J65: BB6 7QB | K65: United Kingdom | L65: 07514421698 | M65: alexjberry83@gmail.com | N65: Mr Alexander J Berry | P65: MorgansR Arnold the Shark | Q65: K166554 | R65: Patterdale cross BC | S65: Dog | T65: 43665 | U65: 0 | V65: 5 | W65: No preference | X65: 1. Camping Friday Night (from Friday mid-day),2. Camping Sat Night,3. Camping Sunday Night (must be gone by 11:00 am) | Y65: Yes | Z65: No | AA65: No | AC65: WyD
A66: WEST SUFFOLK OBEDIENCE - Sat 30th and Sun 31st May 2026 | B66: 4237 | C66: Mr | D66: Alex | E66: Berry | F66: 91 Church Street | H66: Great Harwood | I66: Lancashire | J66: BB6 7QB | K66: United Kingdom | L66: 07514421698 | M66: alexjberry83@gmail.com | N66: Mr Alexander J Berry | P66: Death Rode In on a Pale Horse | Q66: KO264551 | R66: Patterdale | S66: Dog | T66: 44401 | U66: 0 | V66: 5 | W66: Gina Zantboer | X66: 1. Camping Friday Night (from Friday mid-day),2. Camping Sat Night,3. Camping Sunday Night (must be gone by 11:00 am) | Y66: Yes | Z66: No | AA66: No | AC66: WyD
A67: WEST SUFFOLK OBEDIENCE - Sat 30th and Sun 31st May 2026 | B67: 5972 | C67: Mrs | D67: Lynn | E67: Bevis | F67: 28 high street | G67: Haddenham | H67: Ely | I67: Cambs | J67: CB63XA | K67: United Kingdom | L67: 07847604614 | M67: beabeardies@gmail.com | N67: Mr N and Mrs L Bevis | P67: Ramsgrove Sunshine at Beabeardies | Q67: AU02251205 | R67: Bearded Collie | S67: Bitch | T67: 42879 | U67: 0 | V67: 8 | W67: Alex Berry | Y67: Yes | Z67: No | AA67: No | AC67: WyD
A68: WEST SUFFOLK OBEDIENCE - Sat 30th and Sun 31st May 2026 | B68: 5972 | C68: Mrs | D68: Lynn | E68: Bevis | F68: 28 high street | G68: Haddenham | H68: Ely | I68: Cambs | J68: CB63XA | K68: United Kingdom | L68: 07847604614 | M68: beabeardies@gmail.com | N68: Mr N and Mrs L Bevis | P68: Ramsgrove Sunshine at Beabeardies | Q68: AU02251205 | R68: Bearded Collie | S68: Bitch | T68: 42879 | U68: 0 | V68: 14 | W68: Sandra Barnes | Y68: Yes | Z68: No | AA68: No | AC68: WyD
A69: WEST SUFFOLK OBEDIENCE - Sat 30th and Sun 31st May 2026 | B69: 1099 | C69: Mrs | D69: Wendy | E69: Birch | F69: 2 Merrow Drive | G69: Warners End | H69: Hemel Hempstead | I69: Hertfordshire | J69: HP1 2LZ | K69: United Kingdom | L69: 01442 396498 | M69: wendyandian@ntlworld.com | N69: Mrs W Birch | P69: Westoning Just Krystie of Greyvalley | Q69: K0266802 | R69: WS | S69: Bitch | T69: 44690 | U69: 0 | V69: 4 | W69: Christine Bowles | X69: 1. Camping Friday Night (from Friday mid-day),2. Camping Sat Night,3. Camping Sunday Night (must be gone by 11:00 am) | Y69: Yes | Z69: No | AA69: No | AC69: WyD
A70: WEST SUFFOLK OBEDIENCE - Sat 30th and Sun 31st May 2026 | B70: 1099 | C70: Mrs | D70: Wendy | E70: Birch | F70: 2 Merrow Drive | G70: Warners End | H70: Hemel Hempstead | I70: Hertfordshire | J70: HP1 2LZ | K70: United Kingdom | L70: 01442 396498 | M70: wendyandian@ntlworld.com | N70: Mrs W Birch | P70: Westoning Just Krystie of Greyvalley | Q70: K0266802 | R70: WS | S70: Bitch | T70: 44690 | U70: 0 | V70: 5 | W70: Gina Zantboer | X70: 1. Camping Friday Night (from Friday mid-day),2. Camping Sat Night,3. Camping Sunday Night (must be gone by 11:00 am) | Y70: Yes | Z70: No | AA70: No | AC70: WyD
A71: WEST SUFFOLK OBEDIENCE - Sat 30th and Sun 31st May 2026 | B71: 1099 | C71: Mrs | D71: Wendy | E71: Birch | F71: 2 Merrow Drive | G71: Warners End | H71: Hemel Hempstead | I71: Hertfordshire | J71: HP1 2LZ | K71: United Kingdom | L71: 01442 396498 | M71: wendyandian@ntlworld.com | N71: Mrs W Birch | P71: Goytre Helter Skelter of Greyvalley | Q71: AW03773506 | R71: BC | S71: Dog | T71: 43720 | U71: 0 | V71: 7 | W71: Julie Sheldrake | X71: 1. Camping Friday Night (from Friday mid-day),2. Camping Sat Night,3. Camping Sunday Night (must be gone by 11:00 am) | Y71: Yes | Z71: No | AA71: No | AC71: WyD
A72: WEST SUFFOLK OBEDIENCE - Sat 30th and Sun 31st May 2026 | B72: 1099 | C72: Mrs | D72: Wendy | E72: Birch | F72: 2 Merrow Drive | G72: Warners End | H72: Hemel Hempstead | I72: Hertfordshire | J72: HP1 2LZ | K72: United Kingdom | L72: 01442 396498 | M72: wendyandian@ntlworld.com | N72: Mrs W Birch | P72: Coolpawz Just Joey of Greyvalley | Q72: AS01113204 | R72: BC | S72: Dog | T72: 42011 | U72: 0 | V72: 7 | W72: Julie Sheldrake | X72: 1. Camping Friday Night (from Friday mid-day),2. Camping Sat Night,3. Camping Sunday Night (must be gone by 11:00 am) | Y72: Yes | Z72: No | AA72: No | AC72: WyD
A73: WEST SUFFOLK OBEDIENCE - Sat 30th and Sun 31st May 2026 | B73: 1099 | C73: Mrs | D73: Wendy | E73: Birch | F73: 2 Merrow Drive | G73: Warners End | H73: Hemel Hempstead | I73: Hertfordshire | J73: HP1 2LZ | K73: United Kingdom | L73: 01442 396498 | M73: wendyandian@ntlworld.com | N73: Mrs W Birch | P73: Westoning Just Krystie of Greyvalley | Q73: K0266802 | R73: WS | S73: Bitch | T73: 44690 | U73: 0 | V73: 10 | W73: Miranda Humphries | X73: 1. Camping Friday Night (from Friday mid-day),2. Camping Sat Night,3. Camping Sunday Night (must be gone by 11:00 am) | Y73: Yes | Z73: No | AA73: No | AC73: WyD
A74: WEST SUFFOLK OBEDIENCE - Sat 30th and Sun 31st May 2026 | B74: 1099 | C74: Mrs | D74: Wendy | E74: Birch | F74: 2 Merrow Drive | G74: Warners End | H74: Hemel Hempstead | I74: Hertfordshire | J74: HP1 2LZ | K74: United Kingdom | L74: 01442 396498 | M74: wendyandian@ntlworld.com | N74: Mrs W Birch | P74: Westoning Just Krystie of Greyvalley | Q74: K0266802 | R74: WS | S74: Bitch | T74: 44690 | U74: 0 | V74: 11 | W74: Claire Jameson | X74: 1. Camping Friday Night (from Friday mid-day),2. Camping Sat Night,3. Camping Sunday Night (must be gone by 11:00 am) | Y74: Yes | Z74: No | AA74: No | AC74: WyD
A75: WEST SUFFOLK OBEDIENCE - Sat 30th and Sun 31st May 2026 | B75: 1099 | C75: Mrs | D75: Wendy | E75: Birch | F75: 2 Merrow Drive | G75: Warners End | H75: Hemel Hempstead | I75: Hertfordshire | J75: HP1 2LZ | K75: United Kingdom | L75: 01442 396498 | M75: wendyandian@ntlworld.com | N75: Mrs W Birch | P75: Goytre Helter Skelter of Greyvalley | Q75: AW03773506 | R75: BC | S75: Dog | T75: 43720 | U75: 0 | V75: 13 | W75: Ruth Britton | X75: 1. Camping Friday Night (from Friday mid-day),2. Camping Sat Night,3. Camping Sunday Night (must be gone by 11:00 am) | Y75: Yes | Z75: No | AA75: No | AC75: WyD
A76: WEST SUFFOLK OBEDIENCE - Sat 30th and Sun 31st May 2026 | B76: 1099 | C76: Mrs | D76: Wendy | E76: Birch | F76: 2 Merrow Drive | G76: Warners End | H76: Hemel Hempstead | I76: Hertfordshire | J76: HP1 2LZ | K76: United Kingdom | L76: 01442 396498 | M76: wendyandian@ntlworld.com | N76: Mrs W Birch | P76: Coolpawz Just Joey of Greyvalley | Q76: AS01113204 | R76: BC | S76: Dog | T76: 42011 | U76: 0 | V76: 13 | W76: Ruth Britton | X76: 1. Camping Friday Night (from Friday mid-day),2. Camping Sat Night,3. Camping Sunday Night (must be gone by 11:00 am) | Y76: Yes | Z76: No | AA76: No | AC76: WyD
A77: WEST SUFFOLK OBEDIENCE - Sat 30th and Sun 31st May 2026 | B77: 5102 | C77: Mrs | D77: Gillian | E77: Blakesley | F77: Street Farm | G77: The street | H77: Scole | I77: Norfolk | J77: IP214DR | K77: United Kingdom | L77: 07917342508 | M77: scolecabs@outlook.com | N77: Mrs G BLAKESLEY | P77: Clifford of Diss | Q77: K0265605 | R77: BC | S77: Dog | T77: 44299 | U77: 0 | V77: 9 | W77: Pam Durham | Y77: Yes | Z77: No | AA77: No | AB77: No r/o - helper | AC77: WyD
A78: WEST SUFFOLK OBEDIENCE - Sat 30th and Sun 31st May 2026 | B78: 5102 | C78: Mrs | D78: Gillian | E78: Blakesley | F78: Street Farm | G78: The street | H78: Scole | I78: Norfolk | J78: IP214DR | K78: United Kingdom | L78: 07917342508 | M78: scolecabs@outlook.com | N78: Mrs G BLAKESLEY | P78: Dennisjesterson of Diss | Q78: F5-15989-2024 | R78: BC | S78: Dog | T78: 45301 | U78: 0 | V78: 9 | W78: Pam Durham | Y78: Yes | Z78: No | AA78: No | AB78: No r/o - helper | AC78: WyD
A79: WEST SUFFOLK OBEDIENCE - Sat 30th and Sun 31st May 2026 | B79: 5102 | C79: Mrs | D79: Gillian | E79: Blakesley | F79: Street Farm | G79: The street | H79: Scole | I79: Norfolk | J79: IP214DR | K79: United Kingdom | L79: 07917342508 | M79: scolecabs@outlook.com | N79: Mrs G BLAKESLEY | P79: Clifford of Diss | Q79: K0265605 | R79: BC | S79: Dog | T79: 44299 | U79: 0 | V79: 10 | W79: No preference | Y79: Yes | Z79: No | AA79: No | AB79: No r/o - helper | AC79: WyD
A80: WEST SUFFOLK OBEDIENCE - Sat 30th and Sun 31st May 2026 | B80: 239 | C80: Mrs | D80: Juliette | E80: Bloomfield | F80: 1 The Spinney | G80: Broome Close | H80: Headley | I80: Surrey | J80: KY18 6LY | K80: United Kingdom | L80: 01372 372229 | M80: jwettern@btinternet.com | N80: J Wettern | P80: Alpana Summer Storm | Q80: BA19528501 | R80: BC | S80: Bitch | T80: 45015 | U80: 0 | V80: 4 | W80: Christine Bowles | Y80: Yes | Z80: No | AA80: No | AC80: WyD
A81: WEST SUFFOLK OBEDIENCE - Sat 30th and Sun 31st May 2026 | B81: 239 | C81: Mrs | D81: Juliette | E81: Bloomfield | F81: 1 The Spinney | G81: Broome Close | H81: Headley | I81: Surrey | J81: KY18 6LY | K81: United Kingdom | L81: 01372 372229 | M81: jwettern@btinternet.com | N81: J Wettern | P81: Alpana A Statement Of Style | Q81: AX03766702 | R81: BC | S81: Bitch | T81: 44092 | U81: 0 | V81: 5 | W81: No preference | Y81: Yes | Z81: No | AA81: No | AC81: WyD
A82: WEST SUFFOLK OBEDIENCE - Sat 30th and Sun 31st May 2026 | B82: 239 | C82: Mrs | D82: Juliette | E82: Bloomfield | F82: 1 The Spinney | G82: Broome Close | H82: Headley | I82: Surrey | J82: KY18 6LY | K82: United Kingdom | L82: 01372 372229 | M82: jwettern@btinternet.com | N82: J Wettern | P82: Alpana A Statement Of Style | Q82: AX03766702 | R82: BC | S82: Bitch | T82: 44092 | U82: 0 | V82: 6 | Y82: Yes | Z82: No | AA82: No | AC82: WyD
A83: WEST SUFFOLK OBEDIENCE - Sat 30th and Sun 31st May 2026 | B83: 239 | C83: Mrs | D83: Juliette | E83: Bloomfield | F83: 1 The Spinney | G83: Broome Close | H83: Headley | I83: Surrey | J83: KY18 6LY | K83: United Kingdom | L83: 01372 372229 | M83: jwettern@btinternet.com | N83: J Wettern | P83: Alpana Strike A Pose | Q83: AT01028401 | R83: BC | S83: Bitch | T83: 42420 | U83: 0 | V83: 7 | W83: Julie Sheldrake | Y83: Yes | Z83: No | AA83: No | AC83: WyD
A84: WEST SUFFOLK OBEDIENCE - Sat 30th and Sun 31st May 2026 | B84: 239 | C84: Mrs | D84: Juliette | E84: Bloomfield | F84: 1 The Spinney | G84: Broome Close | H84: Headley | I84: Surrey | J84: KY18 6LY | K84: United Kingdom | L84: 01372 372229 | M84: jwettern@btinternet.com | N84: J Wettern | P84: Alpana Summer Storm | Q84: BA19528501 | R84: BC | S84: Bitch | T84: 45015 | U84: 0 | V84: 10 | W84: No preference | Y84: Yes | Z84: No | AA84: No | AC84: WyD
A85: WEST SUFFOLK OBEDIENCE - Sat 30th and Sun 31st May 2026 | B85: 239 | C85: Mrs | D85: Juliette | E85: Bloomfield | F85: 1 The Spinney | G85: Broome Close | H85: Headley | I85: Surrey | J85: KY18 6LY | K85: United Kingdom | L85: 01372 372229 | M85: jwettern@btinternet.com | N85: J Wettern | P85: Alpana A Statement Of Style | Q85: AX03766702 | R85: BC | S85: Bitch | T85: 44092 | U85: 0 | V85: 11 | W85: No preference | Y85: Yes | Z85: No | AA85: No | AC85: WyD
A86: WEST SUFFOLK OBEDIENCE - Sat 30th and Sun 31st May 2026 | B86: 239 | C86: Mrs | D86: Juliette | E86: Bloomfield | F86: 1 The Spinney | G86: Broome Close | H86: Headley | I86: Surrey | J86: KY18 6LY | K86: United Kingdom | L86: 01372 372229 | M86: jwettern@btinternet.com | N86: J Wettern | P86: Alpana A Statement Of Style | Q86: AX03766702 | R86: BC | S86: Bitch | T86: 44092 | U86: 0 | V86: 12 | Y86: Yes | Z86: No | AA86: No | AC86: WyD
A87: WEST SUFFOLK OBEDIENCE - Sat 30th and Sun 31st May 2026 | B87: 239 | C87: Mrs | D87: Juliette | E87: Bloomfield | F87: 1 The Spinney | G87: Broome Close | H87: Headley | I87: Surrey | J87: KY18 6LY | K87: United Kingdom | L87: 01372 372229 | M87: jwettern@btinternet.com | N87: J Wettern | P87: Alpana Strike A Pose | Q87: AT01028401 | R87: BC | S87: Bitch | T87: 42420 | U87: 0 | V87: 13 | W87: Ruth Britton | Y87: Yes | Z87: No | AA87: No | AC87: WyD
A88: WEST SUFFOLK OBEDIENCE - Sat 30th and Sun 31st May 2026 | B88: 1849 | C88: Mrs | D88: Christine | E88: Bowles | F88: 42 Oxfield Drive | G88: Gorefield | H88: Wisbech | I88: Cambridgeshire | J88: PE13 4LX | K88: United Kingdom | L88: 01945 870525 | M88: christinebowles21@googlemail.com | N88: Mrs C Bowles | P88: Hellene Wish Upon A Star | Q88: AY11384603 | R88: BC | S88: Bitch | T88: 44477 | U88: 0 | V88: 11 | W88: Claire Jameson | Y88: Yes | Z88: No | AA88: No | AB88: No r/o - helper | AC88: WyD
A89: WEST SUFFOLK OBEDIENCE - Sat 30th and Sun 31st May 2026 | B89: 1849 | C89: Mrs | D89: Christine | E89: Bowles | F89: 42 Oxfield Drive | G89: Gorefield | H89: Wisbech | I89: Cambridgeshire | J89: PE13 4LX | K89: United Kingdom | L89: 01945 870525 | M89: christinebowles21@googlemail.com | N89: Mrs C Bowles | P89: Hellene Wish Upon A Star | Q89: AY11384603 | R89: BC | S89: Bitch | T89: 44477 | U89: 0 | V89: 13 | W89: Ruth Britton | Y89: Yes | Z89: No | AA89: No | AB89: No r/o - helper | AC89: WyD
A90: WEST SUFFOLK OBEDIENCE - Sat 30th and Sun 31st May 2026 | B90: 1849 | C90: Mrs | D90: Christine | E90: Bowles | F90: 42 Oxfield Drive | G90: Gorefield | H90: Wisbech | I90: Cambridgeshire | J90: PE13 4LX | K90: United Kingdom | L90: 01945 870525 | M90: christinebowles21@googlemail.com | N90: Mrs C Bowles | P90: Maccadale Izzy | Q90: AT0000101 | R90: BC | S90: Bitch | T90: 42215 | U90: 0 | V90: 13 | W90: Ruth Britton | Y90: Yes | Z90: No | AA90: No | AB90: No r/o - helper | AC90: WyD
A91: WEST SUFFOLK OBEDIENCE - Sat 30th and Sun 31st May 2026 | B91: 660 | C91: Mrs | D91: Jane | E91: Bowman | F91: Colne View | G91: Brightlingsea Road | H91: Thorrington | I91: Essex | J91: CO7 8JJ | K91: United Kingdom | L91: 01206 302 309 | M91: tecwyn85@gmail.com | N91: Mrs Jane Bowman | P91: Westoning Omen | Q91: KO278922 | R91: WS | S91: Bitch | T91: 45790 | U91: 0 | V91: 4 | W91: Suzanne Walker | Y91: Yes | Z91: No | AA91: No | AB91: Happy to have a running order with Westoning Omen if convenient to you. | AC91: WyD
A92: WEST SUFFOLK OBEDIENCE - Sat 30th and Sun 31st May 2026 | B92: 660 | C92: Mrs | D92: Jane | E92: Bowman | F92: Colne View | G92: Brightlingsea Road | H92: Thorrington | I92: Essex | J92: CO7 8JJ | K92: United Kingdom | L92: 01206 302 309 | M92: tecwyn85@gmail.com | N92: Mrs Jane Bowman | P92: Westoning Code | Q92: KO26780 | R92: WS | S92: Dog | T92: 44690 | U92: 0 | V92: 7 | W92: Julie Sheldrake | Y92: Yes | Z92: No | AA92: No | AB92: Happy to have a running order with Westoning Omen if convenient to you. | AC92: WyD
A93: WEST SUFFOLK OBEDIENCE - Sat 30th and Sun 31st May 2026 | B93: 660 | C93: Mrs | D93: Jane | E93: Bowman | F93: Colne View | G93: Brightlingsea Road | H93: Thorrington | I93: Essex | J93: CO7 8JJ | K93: United Kingdom | L93: 01206 302 309 | M93: tecwyn85@gmail.com | N93: Mrs Jane Bowman | P93: Deeann Dream On | Q93: AV03405103 | R93: BC | S93: Dog | T93: 43302 | U93: 0 | V93: 7 | W93: Julie Sheldrake | Y93: Yes | Z93: No | AA93: No | AB93: Happy to have a running order with Westoning Omen if convenient to you. | AC93: WyD
A94: WEST SUFFOLK OBEDIENCE - Sat 30th and Sun 31st May 2026 | B94: 660 | C94: Mrs | D94: Jane | E94: Bowman | F94: Colne View | G94: Brightlingsea Road | H94: Thorrington | I94: Essex | J94: CO7 8JJ | K94: United Kingdom | L94: 01206 302 309 | M94: tecwyn85@gmail.com | N94: Mrs Jane Bowman | P94: Westoning Omen | Q94: KO278922 | R94: WS | S94: Bitch | T94: 45790 | U94: 0 | V94: 10 | W94: No preference | Y94: Yes | Z94: No | AA94: No | AB94: Happy to have a running order with Westoning Omen if convenient to you. | AC94: WyD
A95: WEST SUFFOLK OBEDIENCE - Sat 30th and Sun 31st May 2026 | B95: 660 | C95: Mrs | D95: Jane | E95: Bowman | F95: Colne View | G95: Brightlingsea Road | H95: Thorrington | I95: Essex | J95: CO7 8JJ | K95: United Kingdom | L95: 01206 302 309 | M95: tecwyn85@gmail.com | N95: Mrs Jane Bowman | P95: Westoning Code | Q95: KO26780 | R95: WS | S95: Dog | T95: 44690 | U95: 0 | V95: 13 | W95: Ruth Britton | Y95: Yes | Z95: No | AA95: No | AB95: Happy to have a running order with Westoning Omen if convenient to you. | AC95: WyD
A96: WEST SUFFOLK OBEDIENCE - Sat 30th and Sun 31st May 2026 | B96: 660 | C96: Mrs | D96: Jane | E96: Bowman | F96: Colne View | G96: Brightlingsea Road | H96: Thorrington | I96: Essex | J96: CO7 8JJ | K96: United Kingdom | L96: 01206 302 309 | M96: tecwyn85@gmail.com | N96: Mrs Jane Bowman | P96: Deeann Dream On | Q96: AV03405103 | R96: BC | S96: Dog | T96: 43302 | U96: 0 | V96: 13 | W96: Ruth Britton | Y96: Yes | Z96: No | AA96: No | AB96: Happy to have a running order with Westoning Omen if convenient to you. | AC96: WyD
A97: WEST SUFFOLK OBEDIENCE - Sat 30th and Sun 31st May 2026 | B97: 4406 | C97: Mrs | D97: Gill | E97: Brereton | F97: 19 Hillcrest Gardens | H97: Lowestoft | I97: Suffolk | J97: NR32 4DA | K97: United Kingdom | L97: 01502514993 | M97: lynandy@sky.com | N97: Gill Brereton | P97: Chaos Cassie | Q97: K02648282 | R97: BC | S97: Bitch | T97: 44386 | U97: 0 | V97: 4 | W97: Christine Bowles | Y97: Yes | Z97: No | AA97: No | AC97: WyD
A98: WEST SUFFOLK OBEDIENCE - Sat 30th and Sun 31st May 2026 | B98: 4406 | C98: Mrs | D98: Gill | E98: Brereton | F98: 19 Hillcrest Gardens | H98: Lowestoft | I98: Suffolk | J98: NR32 4DA | K98: United Kingdom | L98: 01502514993 | M98: lynandy@sky.com | N98: Gill Brereton | P98: Chaos Cassie | Q98: K02648282 | R98: BC | S98: Bitch | T98: 44386 | U98: 0 | V98: 5 | W98: No preference | Y98: Yes | Z98: No | AA98: No | AC98: WyD
A99: WEST SUFFOLK OBEDIENCE - Sat 30th and Sun 31st May 2026 | B99: 4406 | C99: Mrs | D99: Gill | E99: Brereton | F99: 19 Hillcrest Gardens | H99: Lowestoft | I99: Suffolk | J99: NR32 4DA | K99: United Kingdom | L99: 01502514993 | M99: lynandy@sky.com | N99: Gill Brereton | P99: Chaos Cassie | Q99: K02648282 | R99: BC | S99: Bitch | T99: 44386 | U99: 0 | V99: 10 | W99: No preference | Y99: Yes | Z99: No | AA99: No | AC99: WyD
A100: WEST SUFFOLK OBEDIENCE - Sat 30th and Sun 31st May 2026 | B100: 4406 | C100: Mrs | D100: Gill | E100: Brereton | F100: 19 Hillcrest Gardens | H100: Lowestoft | I100: Suffolk | J100: NR32 4DA | K100: United Kingdom | L100: 01502514993 | M100: lynandy@sky.com | N100: Gill Brereton | P100: Chaos Cassie | Q100: K02648282 | R100: BC | S100: Bitch | T100: 44386 | U100: 0 | V100: 11 | W100: No preference | Y100: Yes | Z100: No | AA100: No | AC100: WyD
...

Sheet Checks
A1: Class Number | B1: Class Name | C1: Total Entries | D1: Number in Part 1 | E1: Number in Part 2 | F1: Judge | G1: Judge Part 2 | I1: WYD | J1: Paper | K1: Totals
A2: 1 | B2: INTRODUCTORY (DOG & BITCH) | C2: =COUNTIF(Entries!$V$1:$V$744,$A2) -> 19 | F2: Bridgette Cameron | I2: 19 | J2: 0 | K2: =I2+J2 -> 19
A3: 2 | B3: PRE-BEGINNER (DOG & BITCH) | C3: =COUNTIF(Entries!$V$1:$V$744,$A3) -> 25 | F3: Claire Williams | I3: 24 | J3: 1 | K3: =I3+J3 -> 25
A4: 3 | B4: BEGINNER (DOG & BITCH) | C4: =COUNTIF(Entries!$V$1:$V$744,$A4) -> 27 | F4: Janet Stewart Baldry | I4: 25 | J4: 2 | K4: =I4+J4 -> 27
A5: 4 | B5: NOVICE (DOG & BITCH) | C5: =COUNTIF(Entries!$V$1:$V$744,$A5) -> 92 | D5: =ROUND(C5/2,) -> 46 | E5: =C5-D5 -> 46 | F5: Christine Bowles | G5: Suzanne Walker | I5: 84 | J5: 8 | K5: =I5+J5 -> 92
A6: 5 | B6: CLASS 'A' (DOG & BITCH) | C6: =COUNTIF(Entries!$V$1:$V$744,$A6) -> 80 | D6: =ROUND(C6/2,) -> 40 | E6: =C6-D6 -> 40 | F6: Gina Zantboer | G6: Christine Richardson | I6: 71 | J6: 9 | K6: =I6+J6 -> 80
A7: 6 | B7: CLASS 'B' (DOG & BITCH) | C7: =COUNTIF(Entries!$V$1:$V$744,$A7) -> 72 | D7: =ROUND(C7/2,) -> 36 | E7: =C7-D7 -> 36 | F7: Georgie Riches | G7: Kath Westell | I7: 65 | J7: 7 | K7: =I7+J7 -> 72
A8: 7 | B8: CLASS 'C' (DOG & BITCH) | C8: =COUNTIF(Entries!$V$1:$V$744,$A8) -> 49 | F8: Julie Sheldrake | I8: 45 | J8: 4 | K8: =I8+J8 -> 49
A9: 8 | B9: PRE-BEGINNER (DOG & BITCH) | C9: =COUNTIF(Entries!$V$1:$V$744,$A9) -> 31 | F9: Alex Berry | I9: 31 | J9: 0 | K9: =I9+J9 -> 31
A10: 9 | B10: BEGINNER (DOG & BITCH) | C10: =COUNTIF(Entries!$V$1:$V$744,$A10) -> 33 | F10: Pam Durham | I10: 32 | J10: 1 | K10: =I10+J10 -> 33
A11: 10 | B11: NOVICE (DOG & BITCH) | C11: =COUNTIF(Entries!$V$1:$V$744,$A11) -> 85 | D11: =ROUND(C11/2,) -> 43 | E11: =C11-D11 -> 42 | F11: Miranda Humphries | G11: Tina Keene | I11: 78 | J11: 7 | K11: =I11+J11 -> 85
A12: 11 | B12: CLASS 'A' (DOG & BITCH) | C12: =COUNTIF(Entries!$V$1:$V$744,$A12) -> 77 | D12: =ROUND(C12/2,) -> 39 | E12: =C12-D12 -> 38 | F12: Claire Jameson | G12: Sue Parmiter | I12: 68 | J12: 9 | K12: =I12+J12 -> 77
A13: 12 | B13: CLASS 'B' (DOG & BITCH) | C13: =COUNTIF(Entries!$V$1:$V$744,$A13) -> 71 | D13: =ROUND(C13/2,) -> 36 | E13: =C13-D13 -> 35 | F13: Victoria Cook | G13: Jude Stone | I13: 64 | J13: 7 | K13: =I13+J13 -> 71
A14: 13 | B14: CLASS 'C' (DOG & BITCH) | C14: =COUNTIF(Entries!$V$1:$V$744,$A14) -> 53 | F14: Ruth Britton | I14: 48 | J14: 5 | K14: =I14+J14 -> 53
A15: 14 | B15: SPECIAL FUN CLASS | C15: =COUNTIF(Entries!$V$1:$V$744,$A15) -> 29 | F15: Sandra Barnes | I15: 29 | J15: 0 | K15: =I15+J15 -> 29
C17: =SUM(C1:C15) -> 743
C19: =C17*7 -> 5201

Sheet Camping
A1: Name | B1: Email | C1: Phone | D1: Fri | E1: Sat | F1: Sun | G1: Notes
A2: Miss Gill Garraway | B2: gill.underwood1978@gmail.com | C2: 07805190544 | D2: Y | E2: Y
A3: Miss Jennifer Marriott | B3: ifermarriott@yahoo.co.uk | C3: 07798894991 | D3: Y | E3: Y
A4: Miss Jessica Lewis | B4: jess.l@sky.com | C4: 02475017046 | D4: Y | E4: Y
A5: Miss Kathy Woodgreaves | B5: k.woodgreaves666@btinternet.com | C5: 07745415909 | E5: Y
A6: Miss Kim Mercer | B6: kim.walkies@btinternet.com | D6: Y | E6: Y | F6: Y
A7: Miss Miranda Humphreys | B7: miranda.3labs@gmail.com | C7: 447587132666 | D7: Y | E7: Y
A8: Miss Rosie Colwood | B8: r.c.colwood@gmail.com | C8: 01924897723 | D8: Y | E8: Y | F8: Y
A9: Miss Victoria Main | B9: vmain72@googlemail.com | C9: 07988 604447 | D9: Y | E9: Y
A10: Mr Alex Berry | B10: alexjberry83@gmail.com | C10: 07514421698 | D10: Y | E10: Y | F10: Y
A11: Mr geoff painting | B11: geoff.painting@gmail.com | C11: 01932348810 | D11: Y | E11: Y | F11: Y
A12: Mr GRAHAM DYKE | B12: grahamdyke1@hotmail.co.uk | C12: 07736693937 | D12: Y | E12: Y
A13: Mr Sue Benstock | B13: lizajim@googlemail.com | C13: 07806 923568 | D13: Y | E13: Y | F13: Y
A14: Mrs A Mann | B14: k9ufd@yahoo.co.uk | C14: 01924272344 | D14: Y | E14: Y | G14: Could we camp near the rings please due to me being an amputee and on oxygen, thank you_x000D_ I'm not sure if you need my hubby Alistair as your first aider,
A15: Mrs angela whitnell | B15: angelawhitnell@yahoo.com | C15: 01787 223864 | D15: Y | E15: Y
A16: Mrs Carol Stewart | B16: carol@mojucabordercollies.com | C16: 01795 585401 | D16: Y | E16: Y
A17: Mrs Caroline Gebbie | B17: caroline@ukpet.com | C17: 07739714787 | D17: Y | E17: Y
A18: Mrs Christine Richardson | B18: crichardson@hotmail.co.uk | C18: 07775 728708 | D18: Y | E18: FREE | G18: Claiming Saturday night as judging
A19: Mrs Clair Dick | B19: clairhelen@googlemail.com | C19: 01394385872 | D19: Y | E19: Y | F19: Y
A20: Mrs Denise Platts | B20: deniseplatts1@icloud.com | C20: 07702740809 | D20: Y | E20: Y
A21: Mrs Geraldine Steadman | B21: geraldinesteadman@hotmail.com | C21: 07891477539 | E21: Y
A22: Mrs Helen Clarence | B22: helen.clarence@hotmail.co.uk | C22: 01777 710321 | D22: Y | E22: Y
A23: Mrs Helen Jermy | B23: c.jermy@tiscali.co.uk | C23: 01502733270 | D23: Y | E23: Y | F23: Y
A24: Mrs Jane Hall | B24: janehall114@gmail.com | C24: 07428 199564 | D24: Y | E24: Y
A25: Mrs Jennifer Runge | B25: jenny.runge@gmx.net | C25: 00491632497972 | D25: Y | E25: Y | F25: Y
A26: Mrs Julie Sheldrake | B26: vegrun@gmail.com | C26: 07975509533 | D26: Y | E26: Y
A27: Mrs Lesley Taylor | B27: taylormadeflowers@yahoo.co.uk | C27: 07970257329 | D27: Y | E27: Y
A28: Mrs LYNDA middlemas | B28: laurelbankfarm@yahoo.co.uk | C28: 01455209210 | D28: Y | E28: Y
A29: Mrs Lynda Snowling | B29: colinsnowling@btinternet.com | C29: 01502 731480 | D29: Y | E29: Y | F29: Y
A30: Mrs Lynne Darby | B30: lynnedarby@blueyonder.co.uk | C30: 01527 452562 | D30: Y | E30: Y | F30: Y
A31: Mrs Monika Dobbs | B31: monikadobbs@hotmail.co.uk | C31: 01525 643734 | D31: Y | E31: Y
A32: Mrs Patricia Gage | B32: snowtaggy@hotmail.com | C32: 01371873412 | D32: Y | E32: Y
A33: Mrs Rhonda Stokes | B33: rhonda.stokes@btinternet.com | C33: 07931706545 | D33: Y | E33: Y | F33: Y
A34: Mrs Sandra Samways | B34: samways237@btinternet.com | C34: 01945430651 | D34: Y | E34: Y
A35: Mrs Sonia Elvin | B35: soniaelvin19@gmail.com | C35: 01379644063 | D35: Y | E35: Y
A36: Mrs Sue Jaggers | B36: jim.jaggers@btinternet.com | C36: 01279812785 | D36: Y | E36: Y | F36: Y
A37: Mrs Susan Parmiter | B37: sgparmiter@icloud.com | C37: 01406478422 | D37: Y | E37: FREE | G37: Free camping night Sat plz .
A38: Mrs Tracy Ansell | B38: srallebone9@gmail.com | C38: 01933353038 | D38: Y | E38: Y
A39: Mrs Tracy Jackaman | B39: tracy.jackaman@outlook.com | C39: 07599183342 | E39: Y
A40: Mrs TRUDY HYMAN | B40: trudos1970@gmail.com | C40: 01924 830853 | D40: Y | E40: Y
A41: Mrs vivian oakey | B41: viv0akey@aol.com | C41: 07539289398 | D41: Y | E41: Y
A42: Mrs Wendy Birch | B42: wendyandian@ntlworld.com | C42: 01442 396498 | D42: Y | E42: Y | F42: Y
A43: Mrs Wendy Hagger | B43: wagger007@btinternet.com | C43: 01394411856 | D43: Y | E43: Y | F43: Y
A44: Ms Jan Corr | B44: janetecorr@aol.com | C44: 07881564577 | D44: Y | E44: Y
A45: Ms Karen Morris | B45: karenm_morris@yahoo.com | C45: 07549 991003 | D45: Y | E45: Y
A46: Ms Natalie Knaack-Enkelmann | B46: info@studydogs.de | C46: 0049 201 1892741 | D46: Y | E46: Y | F46: Y
A47: Ms Rosemary Bate | B47: rosemary.bate@googlemail.com | C47: 441728660244 | D47: Y | E47: Y
A48: Mrs Eileen Restell | B48: troykai1@msn.com | C48: 0208 3026041 | D48: Y | E48: Y | G48: Shown as FULL on WyD list
A49: Mr Bridgette Cameron | B49: bcameron@alpine.eu.com | C49: 07764 183541 | D49: Y | F49: Y | G49: Shown as FULL on WyD list
A50: Mrs Gloria Fountain | B50: gloriafountain076@gmail.com | C50: 07917035568 | D50: Y | E50: Y | F50: Y | G50: Shown as FULL on WyD list
A51: Andrew Bird | B51: apbird0012@gmail.com | C51: 01634 670396 | D51: Y | E51: Y | F51: Y
A52: Sarah Collins | C52: 07732 184930 | D52: Y | E52: Y
A53: Julie Enright | B53: enrightjulie@gmail.com | C53: 07769712493 | D53: Y | E53: Y | F53: Y | G53: £40 paid
A54: Dawn Mason | C54: 07778401484 | D54: Y | E54: Y | F54: Y
A55: Linda Plows | B55: linda.plows@hotmail.co.uk | C55: 07803 365872 | D55: Y | E55: Y
A56: Tina Keene | B56: t.keene@hotmail.co.uk | C56: 07929528810 | D56: FREE | E56: FREE | F56: FREE | G56: Please see Sarah Connell re camping for 3 nights (Fri, Sat. Sun)
C59: Paid for: | D59: =COUNTIF(D$1:D$56,"Y") -> 51 | E59: =COUNTIF(E$1:E$56,"Y") -> 51 | F59: =COUNTIF(F$1:F$56,"Y") -> 20 | G59: =(D59+E59+F59)*10 -> 1220
C60: Free: | D60: =COUNTIF(D$1:D$56,"FREE") -> 1 | E60: =COUNTIF(E$1:E$56,"FREE") -> 3 | F60: =COUNTIF(F$1:F$56,"FREE") -> 1
C61: Total: | D61: =D59+D60 -> 52 | E61: =E59+E60 -> 54 | F61: =F59+F60 -> 21

Sheet NFC
A1: Show name | B1: Owner Id | C1: Owner title | D1: Owner first name | E1: Owner last name | F1: Owner address 1 | G1: Owner address 2 | H1: Owner town | I1: Owner county | J1: Owner postcode | K1: Owner country | L1: Owner phone | M1: Owner email address | N1: Owner registered name | O1: Vehicle registration | P1: Registered name | Q1: Registered number | R1: Breed | S1: Sex | T1: Date of birth | U1: Merit points | V1: Entered classes | W1: Preferred judge | X1: Extras | Y1: Confirmed acceptance of declaration | Z1: Withdraw all entries if balloted out of Championship C | AA1: Show address in catalogue | AB1: Notes to organiser
A2: WEST SUFFOLK OBEDIENCE - Sat 30th and Sun 31st May 2026 | B2: 677 | C2: Miss | D2: Yvonne | E2: Abra | F2: Kiln Farm | G2: Lower Road, Cavendish | H2: Sudbury | I2: Suffolk | J2: CO107QU | K2: United Kingdom | L2: 07885581115 | M2: yvonne_abra@hotmail.com | N2: Yvonne Abra | P2: Austmans Goody two Shoes | Q2: BA21468502 | R2: Australian Cattle Dog | S2: Bitch | T2: 45151 | U2: 0 | V2: 0 | W2: Not applicable | Y2: Yes | Z2: No | AA2: No
A3: WEST SUFFOLK OBEDIENCE - Sat 30th and Sun 31st May 2026 | B3: 677 | C3: Miss | D3: Yvonne | E3: Abra | F3: Kiln Farm | G3: Lower Road, Cavendish | H3: Sudbury | I3: Suffolk | J3: CO107QU | K3: United Kingdom | L3: 07885581115 | M3: yvonne_abra@hotmail.com | N3: Yvonne Abra | P3: Austmans Goody two Shoes | Q3: BA21468502 | R3: Australian Cattle Dog | S3: Bitch | T3: 45151 | U3: 0 | V3: 0 | W3: Not applicable | Y3: Yes | Z3: No | AA3: No
A4: WEST SUFFOLK OBEDIENCE - Sat 30th and Sun 31st May 2026 | B4: 878 | C4: Mr | D4: Ian | E4: Appleton | F4: 10 Belchamps Way | H4: Hockley | I4: Essex | J4: SS5 4NT | K4: United Kingdom | L4: 01702 201346 | M4: appleton.ian@btinternet.com | N4: Mr Ian Appleton | P4: Applebel Merlot | Q4: AS00342901 | R4: Golden Retriever | S4: Dog | T4: 42013 | U4: 0 | V4: 0 | W4: Not applicable | Y4: Yes | Z4: No | AA4: No
A5: WEST SUFFOLK OBEDIENCE - Sat 30th and Sun 31st May 2026 | B5: 878 | C5: Mr | D5: Ian | E5: Appleton | F5: 10 Belchamps Way | H5: Hockley | I5: Essex | J5: SS5 4NT | K5: United Kingdom | L5: 01702 201346 | M5: appleton.ian@btinternet.com | N5: Mr Ian Appleton | P5: Applebel Merlot | Q5: AS00342901 | R5: Golden Retriever | S5: Dog | T5: 42013 | U5: 0 | V5: 0 | W5: Not applicable | Y5: Yes | Z5: No | AA5: No
A6: WEST SUFFOLK OBEDIENCE - Sat 30th and Sun 31st May 2026 | B6: 2342 | C6: Miss | D6: Katrina | E6: Arnold | F6: 17 Eden Way | H6: Warlingham | I6: Surrey | J6: CR6 9DP | K6: United Kingdom | L6: 07778388879 | M6: katrina.arnold@btinternet.com | N6: Miss K Arnold | P6: DeeAnn Reckless Eric | Q6: AV03405102 | R6: Border Collie | S6: Dog | T6: 43302 | U6: 0 | V6: 0 | W6: Not applicable | Y6: Yes | Z6: No | AA6: No
A7: WEST SUFFOLK OBEDIENCE - Sat 30th and Sun 31st May 2026 | B7: 2342 | C7: Miss | D7: Katrina | E7: Arnold | F7: 17 Eden Way | H7: Warlingham | I7: Surrey | J7: CR6 9DP | K7: United Kingdom | L7: 07778388879 | M7: katrina.arnold@btinternet.com | N7: Miss K Arnold | P7: Tilemash Just In Time | Q7: KO275197 | R7: Working Sheepdog | S7: Dog | T7: 45348 | U7: 0 | V7: 0 | W7: Not applicable | Y7: Yes | Z7: No | AA7: No
A8: WEST SUFFOLK OBEDIENCE - Sat 30th and Sun 31st May 2026 | B8: 5751 | C8: Mrs | D8: CAROL | E8: ASHBY | F8: 12 RAYNHAM VILLAS, HUNTON ROAD, | H8: MARDEN, TONBRIDGE | I8: kent | J8: TN129SZ | K8: United Kingdom | L8: 01622 820791 | M8: invicta2@hotmail.co.uk | N8: Carol Ashby | P8: Luna lux | Q8: k0266318 | R8: german shepherd | S8: Bitch | T8: 44034 | U8: 0 | V8: 0 | W8: Not applicable | Y8: Yes | Z8: No | AA8: No
A9: WEST SUFFOLK OBEDIENCE - Sat 30th and Sun 31st May 2026 | B9: 683 | C9: Miss | D9: Debbie | E9: Back | F9: 68 Albert Street | H9: Spalding | I9: Lincs | J9: PE11 2LD | K9: United Kingdom | L9: 07979962230 | M9: debzdoggz@gmail.com | N9: Miss Debbie Back | P9: DEBAKS NOTAFF AHKENKOLLI | Q9: K149598 | R9: CROSSBREED | S9: Dog | T9: 41847 | U9: 0 | V9: 0 | W9: Not applicable | Y9: Yes | Z9: No | AA9: No
A10: WEST SUFFOLK OBEDIENCE - Sat 30th and Sun 31st May 2026 | B10: 683 | C10: Miss | D10: Debbie | E10: Back | F10: 68 Albert Street | H10: Spalding | I10: Lincs | J10: PE11 2LD | K10: United Kingdom | L10: 07979962230 | M10: debzdoggz@gmail.com | N10: Miss Debbie Back | P10: DEBAKS PHAYKIT TILYA MAYKIT | Q10: K0276438 | R10: LURCHER | S10: Dog | T10: 45501 | U10: 0 | V10: 0 | W10: Not applicable | Y10: Yes | Z10: No | AA10: No
A11: WEST SUFFOLK OBEDIENCE - Sat 30th and Sun 31st May 2026 | B11: 683 | C11: Miss | D11: Debbie | E11: Back | F11: 68 Albert Street | H11: Spalding | I11: Lincs | J11: PE11 2LD | K11: United Kingdom | L11: 07979962230 | M11: debzdoggz@gmail.com | N11: Miss Debbie Back | P11: LYNZENSU HOT TO TROT | Q11: AU04035701 | R11: STANDARD POODLE | S11: Dog | T11: 42992 | U11: 0 | V11: 0 | W11: Not applicable | Y11: Yes | Z11: No | AA11: No
A12: WEST SUFFOLK OBEDIENCE - Sat 30th and Sun 31st May 2026 | B12: 683 | C12: Miss | D12: Debbie | E12: Back | F12: 68 Albert Street | H12: Spalding | I12: Lincs | J12: PE11 2LD | K12: United Kingdom | L12: 07979962230 | M12: debzdoggz@gmail.com | N12: Miss Debbie Back | P12: TAYKTHA BAYTE | Q12: K162830 | R12: CROSSBREED | S12: Bitch | T12: 43291 | U12: 0 | V12: 0 | W12: Not applicable | Y12: Yes | Z12: No | AA12: No
A13: WEST SUFFOLK OBEDIENCE - Sat 30th and Sun 31st May 2026 | B13: 683 | C13: Miss | D13: Debbie | E13: Back | F13: 68 Albert Street | H13: Spalding | I13: Lincs | J13: PE11 2LD | K13: United Kingdom | L13: 07979962230 | M13: debzdoggz@gmail.com | N13: Miss Debbie Back | P13: DEBAKS NOTAFF AHKENKOLLI | Q13: K149598 | R13: CROSSBREED | S13: Dog | T13: 41847 | U13: 0 | V13: 0 | W13: Not applicable | Y13: Yes | Z13: No | AA13: No
A14: WEST SUFFOLK OBEDIENCE - Sat 30th and Sun 31st May 2026 | B14: 683 | C14: Miss | D14: Debbie | E14: Back | F14: 68 Albert Street | H14: Spalding | I14: Lincs | J14: PE11 2LD | K14: United Kingdom | L14: 07979962230 | M14: debzdoggz@gmail.com | N14: Miss Debbie Back | P14: DEBAKS PHAYKIT TILYA MAYKIT | Q14: K0276438 | R14: LURCHER | S14: Dog | T14: 45501 | U14: 0 | V14: 0 | W14: Not applicable | Y14: Yes | Z14: No | AA14: No
A15: WEST SUFFOLK OBEDIENCE - Sat 30th and Sun 31st May 2026 | B15: 683 | C15: Miss | D15: Debbie | E15: Back | F15: 68 Albert Street | H15: Spalding | I15: Lincs | J15: PE11 2LD | K15: United Kingdom | L15: 07979962230 | M15: debzdoggz@gmail.com | N15: Miss Debbie Back | P15: TAYKTHA BAYTE | Q15: K162830 | R15: CROSSBREED | S15: Bitch | T15: 43291 | U15: 0 | V15: 0 | W15: Not applicable | Y15: Yes | Z15: No | AA15: No
A16: WEST SUFFOLK OBEDIENCE - Sat 30th and Sun 31st May 2026 | B16: 1131 | C16: Ms | D16: Donna | E16: Bastin | F16: 9 William Court | G16: Aspley | H16: Hemel Hempstead | I16: Herts | J16: HP3 0AY | K16: United Kingdom | L16: 01442 405387 | M16: donna.bastin@ntlworld.com | N16: Donna Bastin | P16: Landini New Vision Nov Ex | Q16: K154303 | R16: Working Sheepdog | S16: Bitch | T16: 42451 | U16: 0 | V16: 0 | W16: Not applicable | Y16: Yes | Z16: No | AA16: No
A17: WEST SUFFOLK OBEDIENCE - Sat 30th and Sun 31st May 2026 | B17: 1131 | C17: Ms | D17: Donna | E17: Bastin | F17: 9 William Court | G17: Aspley | H17: Hemel Hempstead | I17: Herts | J17: HP3 0AY | K17: United Kingdom | L17: 01442 405387 | M17: donna.bastin@ntlworld.com | N17: Donna Bastin | P17: Landini New Vision Nov Ex | Q17: K154303 | R17: Working Sheepdog | S17: Bitch | T17: 42451 | U17: 0 | V17: 0 | W17: Not applicable | Y17: Yes | Z17: No | AA17: No
A18: WEST SUFFOLK OBEDIENCE - Sat 30th and Sun 31st May 2026 | B18: 54 | C18: Ms | D18: Rosemary | E18: Bate | F18: Corner Farm, Sibton | G18: Sibton | H18: Saxmundham | I18: Please select a region, state or province. | J18: IP17 2NE | K18: United Kingdom | L18: 441728660244 | M18: rosemary.bate@googlemail.com | N18: Rose Bate | P18: Chasing The Wind Around Robate | Q18: AZ12386103 | R18: English Springer Spaniel | S18: Bitch | T18: 44376 | U18: 0 | V18: 0 | W18: Not applicable | X18: 1. Camping Friday Night (from Friday mid-day),2. Camping Sat Night | Y18: Yes | Z18: No | AA18: No
A19: WEST SUFFOLK OBEDIENCE - Sat 30th and Sun 31st May 2026 | B19: 54 | C19: Ms | D19: Rosemary | E19: Bate | F19: Corner Farm, Sibton | G19: Sibton | H19: Saxmundham | I19: Please select a region, state or province. | J19: IP17 2NE | K19: United Kingdom | L19: 441728660244 | M19: rosemary.bate@googlemail.com | N19: Rose Bate | P19: Gipping Valley Flame Robate | Q19: BB0924942 | R19: Border Collie | S19: Bitch | T19: 45332 | U19: 0 | V19: 0 | W19: Not applicable | X19: 1. Camping Friday Night (from Friday mid-day),2. Camping Sat Night | Y19: Yes | Z19: No | AA19: No
A20: WEST SUFFOLK OBEDIENCE - Sat 30th and Sun 31st May 2026 | B20: 54 | C20: Ms | D20: Rosemary | E20: Bate | F20: Corner Farm, Sibton | G20: Sibton | H20: Saxmundham | I20: Please select a region, state or province. | J20: IP17 2NE | K20: United Kingdom | L20: 441728660244 | M20: rosemary.bate@googlemail.com | N20: Rose Bate | P20: Mago Barker Conquers Robate | Q20: K165544 | R20: Crossbreed | S20: Dog | T20: 43609 | U20: 0 | V20: 0 | W20: Not applicable | X20: 1. Camping Friday Night (from Friday mid-day),2. Camping Sat Night | Y20: Yes | Z20: No | AA20: No
A21: WEST SUFFOLK OBEDIENCE - Sat 30th and Sun 31st May 2026 | B21: 54 | C21: Ms | D21: Rosemary | E21: Bate | F21: Corner Farm, Sibton | G21: Sibton | H21: Saxmundham | I21: Please select a region, state or province. | J21: IP17 2NE | K21: United Kingdom | L21: 441728660244 | M21: rosemary.bate@googlemail.com | N21: Rose Bate | P21: Chasing The Wind Around Robate | Q21: AZ12386103 | R21: English Springer Spaniel | S21: Bitch | T21: 44376 | U21: 0 | V21: 0 | W21: Not applicable | X21: 1. Camping Friday Night (from Friday mid-day),2. Camping Sat Night | Y21: Yes | Z21: No | AA21: No
A22: WEST SUFFOLK OBEDIENCE - Sat 30th and Sun 31st May 2026 | B22: 54 | C22: Ms | D22: Rosemary | E22: Bate | F22: Corner Farm, Sibton | G22: Sibton | H22: Saxmundham | I22: Please select a region, state or province. | J22: IP17 2NE | K22: United Kingdom | L22: 441728660244 | M22: rosemary.bate@googlemail.com | N22: Rose Bate | P22: Gipping Valley Flame Robate | Q22: BB0924942 | R22: Border Collie | S22: Bitch | T22: 45332 | U22: 0 | V22: 0 | W22: Not applicable | X22: 1. Camping Friday Night (from Friday mid-day),2. Camping Sat Night | Y22: Yes | Z22: No | AA22: No
A23: WEST SUFFOLK OBEDIENCE - Sat 30th and Sun 31st May 2026 | B23: 54 | C23: Ms | D23: Rosemary | E23: Bate | F23: Corner Farm, Sibton | G23: Sibton | H23: Saxmundham | I23: Please select a region, state or province. | J23: IP17 2NE | K23: United Kingdom | L23: 441728660244 | M23: rosemary.bate@googlemail.com | N23: Rose Bate | P23: Mago Barker Conquers Robate | Q23: K165544 | R23: Crossbreed | S23: Dog | T23: 43609 | U23: 0 | V23: 0 | W23: Not applicable | X23: 1. Camping Friday Night (from Friday mid-day),2. Camping Sat Night | Y23: Yes | Z23: No | AA23: No
A24: WEST SUFFOLK OBEDIENCE - Sat 30th and Sun 31st May 2026 | B24: 4237 | C24: Mr | D24: Alex | E24: Berry | F24: 91 Church Street | H24: Great Harwood | I24: Lancashire | J24: BB6 7QB | K24: United Kingdom | L24: 07514421698 | M24: alexjberry83@gmail.com | N24: Mr Alexander J Berry | P24: Bat Ears | Q24: K166783 | R24: Chihuahua cross Miniature Pinscher | S24: Dog | T24: 43388 | U24: 0 | V24: 0 | W24: Not applicable | X24: 1. Camping Friday Night (from Friday mid-day),2. Camping Sat Night,3. Camping Sunday Night (must be gone by 11:00 am) | Y24: Yes | Z24: No | AA24: No
A25: WEST SUFFOLK OBEDIENCE - Sat 30th and Sun 31st May 2026 | B25: 4237 | C25: Mr | D25: Alex | E25: Berry | F25: 91 Church Street | H25: Great Harwood | I25: Lancashire | J25: BB6 7QB | K25: United Kingdom | L25: 07514421698 | M25: alexjberry83@gmail.com | N25: Mr Alexander J Berry | P25: Bat Ears | Q25: K166783 | R25: Chihuahua cross Miniature Pinscher | S25: Dog | T25: 43388 | U25: 0 | V25: 0 | W25: Not applicable | X25: 1. Camping Friday Night (from Friday mid-day),2. Camping Sat Night,3. Camping Sunday Night (must be gone by 11:00 am) | Y25: Yes | Z25: No | AA25: No
A26: WEST SUFFOLK OBEDIENCE - Sat 30th and Sun 31st May 2026 | B26: 4237 | C26: Mr | D26: Alex | E26: Berry | F26: 91 Church Street | H26: Great Harwood | I26: Lancashire | J26: BB6 7QB | K26: United Kingdom | L26: 07514421698 | M26: alexjberry83@gmail.com | N26: Mr Alexander J Berry | P26: Villensia Visage | Q26: BB23736706 | R26: English Bull Terrier | S26: Bitch | T26: 45292 | U26: 0 | V26: 0 | W26: Not applicable | X26: 1. Camping Friday Night (from Friday mid-day),2. Camping Sat Night,3. Camping Sunday Night (must be gone by 11:00 am) | Y26: Yes | Z26: No | AA26: No
A27: WEST SUFFOLK OBEDIENCE - Sat 30th and Sun 31st May 2026 | B27: 4237 | C27: Mr | D27: Alex | E27: Berry | F27: 91 Church Street | H27: Great Harwood | I27: Lancashire | J27: BB6 7QB | K27: United Kingdom | L27: 07514421698 | M27: alexjberry83@gmail.com | N27: Mr Alexander J Berry | P27: Villensia Visage | Q27: BB23736706 | R27: English Bull Terrier | S27: Bitch | T27: 45292 | U27: 0 | V27: 0 | W27: Not applicable | X27: 1. Camping Friday Night (from Friday mid-day),2. Camping Sat Night,3. Camping Sunday Night (must be gone by 11:00 am) | Y27: Yes | Z27: No | AA27: No
A28: WEST SUFFOLK OBEDIENCE - Sat 30th and Sun 31st May 2026 | B28: 1849 | C28: Mrs | D28: Christine | E28: Bowles | F28: 42 Oxfield Drive | G28: Gorefield | H28: Wisbech | I28: Cambridgeshire | J28: PE13 4LX | K28: United Kingdom | L28: 01945 870525 | M28: christinebowles21@googlemail.com | N28: Mrs C Bowles | P28: Hellene Wish Upon A Star | Q28: AY11384603 | R28: Border Collie | S28: Bitch | T28: 44477 | V28: 0 | W28: Not applicable | Y28: Yes | Z28: No | AA28: No | AB28: If required for a draw can it please be in C with Hellene Wish Upon A Star. Many thanks üòä
A29: WEST SUFFOLK OBEDIENCE - Sat 30th and Sun 31st May 2026 | B29: 1849 | C29: Mrs | D29: Christine | E29: Bowles | F29: 42 Oxfield Drive | G29: Gorefield | H29: Wisbech | I29: Cambridgeshire | J29: PE13 4LX | K29: United Kingdom | L29: 01945 870525 | M29: christinebowles21@googlemail.com | N29: Mrs C Bowles | P29: Maccadale Izzy | Q29: AT0000101 | R29: Border Collie | S29: Bitch | T29: 42215 | V29: 0 | W29: Not applicable | Y29: Yes | Z29: No | AA29: No | AB29: If required for a draw can it please be in C with Hellene Wish Upon A Star. Many thanks üòä
A30: WEST SUFFOLK OBEDIENCE - Sat 30th and Sun 31st May 2026 | B30: 660 | C30: Mrs | D30: Jane | E30: Bowman | F30: Colne View | G30: Brightlingsea Road | H30: Thorrington | I30: Essex | J30: CO7 8JJ | K30: United Kingdom | L30: 01206 302 309 | M30: tecwyn85@gmail.com | N30: Mrs Jane Bowman | P30: Tri again Katie | Q30: K153597 | R30: Working Sheepdog | S30: Bitch | T30: 42417 | U30: 0 | V30: 0 | W30: Not applicable | Y30: Yes | Z30: No | AA30: No | AB30: Happy to have a running order with Westoning Omen if convenient to you.
A31: WEST SUFFOLK OBEDIENCE - Sat 30th and Sun 31st May 2026 | B31: 660 | C31: Mrs | D31: Jane | E31: Bowman | F31: Colne View | G31: Brightlingsea Road | H31: Thorrington | I31: Essex | J31: CO7 8JJ | K31: United Kingdom | L31: 01206 302 309 | M31: tecwyn85@gmail.com | N31: Mrs Jane Bowman | P31: Tri again Katie | Q31: K153597 | R31: Working Sheepdog | S31: Bitch | T31: 42417 | U31: 0 | V31: 0 | W31: Not applicable | Y31: Yes | Z31: No | AA31: No | AB31: Happy to have a running order with Westoning Omen if convenient to you.
A32: WEST SUFFOLK OBEDIENCE - Sat 30th and Sun 31st May 2026 | B32: 1801 | C32: Ms | D32: Ruth | E32: Britton | F32: 14 Shrubwood Close | G32: Heckington | H32: Sleaford | I32: Lincolnshire | J32: NG34 9QH | K32: United Kingdom | L32: 01529461583 | M32: ruth.britton@btinternet.com | N32: Ruth Britton | P32: Summertime Remror Delight | Q32: K143791 | R32: Working Sheepdog | S32: Dog | T32: 41300 | U32: 0 | V32: 0 | W32: Not applicable | Y32: Yes | Z32: No | AA32: No
A33: WEST SUFFOLK OBEDIENCE - Sat 30th and Sun 31st May 2026 | B33: 1320 | C33: Mrs | D33: Lynnette | E33: Burwood | F33: 18 Cutler road | G33: Oulton | H33: Lowestoft | I33: Suffolk | J33: NR32 3QD | K33: United Kingdom | L33: 07522800227 | M33: lynnetteburwood@gmail.com | N33: Mr & mrs Burwood | P33: Bluecap‚Äôs Nico twist of fate | Q33: AW02706907 | R33: German shepherd dog | S33: Dog | T33: 43650 | U33: 0 | V33: 0 | W33: Not applicable | Y33: Yes | Z33: No | AA33: No
A34: WEST SUFFOLK OBEDIENCE - Sat 30th and Sun 31st May 2026 | B34: 1320 | C34: Mrs | D34: Lynnette | E34: Burwood | F34: 18 Cutler road | G34: Oulton | H34: Lowestoft | I34: Suffolk | J34: NR32 3QD | K34: United Kingdom | L34: 07522800227 | M34: lynnetteburwood@gmail.com | N34: Mr & mrs Burwood | P34: Bluecap‚Äôs Nico twist of fate | Q34: AW02706907 | R34: German shepherd dog | S34: Dog | T34: 43650 | U34: 0 | V34: 0 | W34: Not applicable | Y34: Yes | Z34: No | AA34: No
A35: WEST SUFFOLK OBEDIENCE - Sat 30th and Sun 31st May 2026 | B35: 785 | C35: Ms | D35: Jan | E35: Corr | F35: 13 | G35: Hampton Close | H35: Stevenage | I35: Herts | J35: SG2 8SP | K35: United Kingdom | L35: 07881564577 | M35: janetecorr@aol.com | N35: Mrs J E Corr | P35: Harco's Axi | Q35: AT01194106 | R35: GSD | S35: Bitch | T35: 42450 | U35: 0 | V35: 0 | W35: Not applicable | X35: 1. Camping Friday Night (from Friday mid-day),2. Camping Sat Night | Y35: Yes | Z35: No | AA35: No
A36: WEST SUFFOLK OBEDIENCE - Sat 30th and Sun 31st May 2026 | B36: 785 | C36: Ms | D36: Jan | E36: Corr | F36: 13 | G36: Hampton Close | H36: Stevenage | I36: Herts | J36: SG2 8SP | K36: United Kingdom | L36: 07881564577 | M36: janetecorr@aol.com | N36: Mrs J E Corr | P36: Harco's Axi | Q36: AT01194106 | R36: GSD | S36: Bitch | T36: 42450 | U36: 0 | V36: 0 | W36: Not applicable | X36: 1. Camping Friday Night (from Friday mid-day),2. Camping Sat Night | Y36: Yes | Z36: No | AA36: No
A37: WEST SUFFOLK OBEDIENCE - Sat 30th and Sun 31st May 2026 | B37: 1708 | C37: Mrs | D37: Lynne | E37: Darby | F37: 34 Offenham Close | G37: Church Hill North | H37: Redditch | I37: Worcester | J37: B98 8RJ | K37: United Kingdom | L37: 01527 452562 | M37: lynnedarby@blueyonder.co.uk | N37: Lynne Darby | P37: Mae Eegi Project A EX | Q37: AQ03962203 | R37: Border Collie | S37: Bitch | T37: 41543 | U37: 0 | V37: 0 | W37: Not applicable | X37: 1. Camping Friday Night (from Friday mid-day),2. Camping Sat Night,3. Camping Sunday Night (must be gone by 11:00 am) | Y37: Yes | Z37: No | AA37: No
A38: WEST SUFFOLK OBEDIENCE - Sat 30th and Sun 31st May 2026 | B38: 1708 | C38: Mrs | D38: Lynne | E38: Darby | F38: 34 Offenham Close | G38: Church Hill North | H38: Redditch | I38: Worcester | J38: B98 8RJ | K38: United Kingdom | L38: 01527 452562 | M38: lynnedarby@blueyonder.co.uk | N38: Lynne Darby | P38: Mae Eegi Project A EX | Q38: AQ03962203 | R38: Border Collie | S38: Bitch | T38: 41543 | U38: 0 | V38: 0 | W38: Not applicable | X38: 1. Camping Friday Night (from Friday mid-day),2. Camping Sat Night,3. Camping Sunday Night (must be gone by 11:00 am) | Y38: Yes | Z38: No | AA38: No
A39: WEST SUFFOLK OBEDIENCE - Sat 30th and Sun 31st May 2026 | B39: 2017 | C39: Mrs | D39: Anita | E39: De Klerk | F39: 9 Allington Terrace | G39: Cardinals Green. | H39: Cambridge | I39: Cambridgeshire | J39: CB21 4RF | K39: United Kingdom | L39: 07774213939 | M39: anita.deklerk@btinternet.com | N39: Anita de Klerk | P39: Ashlindt Enya | Q39: AR0902938 | R39: Border Collie | S39: Bitch | T39: 41656 | U39: 0 | V39: 0 | W39: Not applicable | Y39: Yes | Z39: No | AA39: No
A40: WEST SUFFOLK OBEDIENCE - Sat 30th and Sun 31st May 2026 | B40: 2017 | C40: Mrs | D40: Anita | E40: De Klerk | F40: 9 Allington Terrace | G40: Cardinals Green. | H40: Cambridge | I40: Cambridgeshire | J40: CB21 4RF | K40: United Kingdom | L40: 07774213939 | M40: anita.deklerk@btinternet.com | N40: Anita de Klerk | P40: Ashlindt Enya | Q40: AR0902938 | R40: Border Collie | S40: Bitch | T40: 41656 | U40: 0 | V40: 0 | Y40: Yes | Z40: No | AA40: No
A41: WEST SUFFOLK OBEDIENCE - Sat 30th and Sun 31st May 2026 | B41: 2017 | C41: Mrs | D41: Anita | E41: De Klerk | F41: 9 Allington Terrace | G41: Cardinals Green. | H41: Cambridge | I41: Cambridgeshire | J41: CB21 4RF | K41: United Kingdom | L41: 07774213939 | M41: anita.deklerk@btinternet.com | N41: Anita de Klerk | P41: Mazzara Hotter Than July | Q41: AV02575503 | R41: Irish Terrier | S41: Bitch | T41: 43274 | U41: 0 | V41: 0 | W41: Not applicable | Y41: Yes | Z41: No | AA41: No
A42: WEST SUFFOLK OBEDIENCE - Sat 30th and Sun 31st May 2026 | B42: 2017 | C42: Mrs | D42: Anita | E42: De Klerk | F42: 9 Allington Terrace | G42: Cardinals Green. | H42: Cambridge | I42: Cambridgeshire | J42: CB21 4RF | K42: United Kingdom | L42: 07774213939 | M42: anita.deklerk@btinternet.com | N42: Anita de Klerk | P42: Mazzara Hotter Than July | Q42: AV02575503 | R42: Irish Terrier | S42: Bitch | T42: 43274 | U42: 0 | V42: 0 | W42: Not applicable | Y42: Yes | Z42: No | AA42: No
A43: WEST SUFFOLK OBEDIENCE - Sat 30th and Sun 31st May 2026 | B43: 2017 | C43: Mrs | D43: Anita | E43: De Klerk | F43: 9 Allington Terrace | G43: Cardinals Green. | H43: Cambridge | I43: Cambridgeshire | J43: CB21 4RF | K43: United Kingdom | L43: 07774213939 | M43: anita.deklerk@btinternet.com | N43: Anita de Klerk | P43: Meisiekind | Q43: K153037 | R43: English Springer Spaniel | S43: Bitch | T43: 42279 | U43: 0 | V43: 0 | Y43: Yes | Z43: No | AA43: No
A44: WEST SUFFOLK OBEDIENCE - Sat 30th and Sun 31st May 2026 | B44: 2017 | C44: Mrs | D44: Anita | E44: De Klerk | F44: 9 Allington Terrace | G44: Cardinals Green. | H44: Cambridge | I44: Cambridgeshire | J44: CB21 4RF | K44: United Kingdom | L44: 07774213939 | M44: anita.deklerk@btinternet.com | N44: Anita de Klerk | P44: Meisiekind | Q44: K153037 | R44: English Springer Spaniel | S44: Bitch | T44: 42279 | U44: 0 | V44: 0 | Y44: Yes | Z44: No | AA44: No
A45: WEST SUFFOLK OBEDIENCE - Sat 30th and Sun 31st May 2026 | B45: 399 | C45: Mr & Mrs | D45: Douglas | E45: Deadman | F45: 1 Billy English Way | H45: Horncastle | I45: Lincolnsjire | J45: LN9 5UB | K45: United Kingdom | L45: 01507 522603 | M45: teddeadman48@btinternet.com | N45: Mr D E & Mrs S B Deadman | P45: Bazentills Another Hotfooter (AI) (IKC) | Q45: BB0925692 | R45: Border Collie | S45: Dog | T45: 45498 | U45: 0 | V45: 0 | W45: Not applicable | Y45: Yes | Z45: No | AA45: No
A46: WEST SUFFOLK OBEDIENCE - Sat 30th and Sun 31st May 2026 | B46: 2984 | C46: Mrs | D46: Clair | E46: Dick | F46: Hunters Moon The Street | G46: Bredfield | H46: Woodbridge | I46: Suffolk | J46: IP136AX | K46: United Kingdom | L46: 01394385872 | M46: clairhelen@googlemail.com | N46: MRS C H and MR MG DICK | P46: JOEVANESS MCLAREN (BC2) | Q46: BC28914703 | R46: German Shepherd Dog | S46: Dog | T46: 45802 | U46: 0 | V46: 0 | W46: Not applicable | X46: 1. Camping Friday Night (from Friday mid-day),2. Camping Sat Night,3. Camping Sunday Night (must be gone by 11:00 am) | Y46: Yes | Z46: No | AA46: No
A47: WEST SUFFOLK OBEDIENCE - Sat 30th and Sun 31st May 2026 | B47: 2984 | C47: Mrs | D47: Clair | E47: Dick | F47: Hunters Moon The Street | G47: Bredfield | H47: Woodbridge | I47: Suffolk | J47: IP136AX | K47: United Kingdom | L47: 01394385872 | M47: clairhelen@googlemail.com | N47: MRS C H and MR MG DICK | P47: WYWYLWYND BIRYANI (AT3) | Q47: AT02421401 | R47: Poodle Standard | S47: Bitch | T47: 42539 | U47: 0 | V47: 0 | W47: Not applicable | X47: 1. Camping Friday Night (from Friday mid-day),2. Camping Sat Night,3. Camping Sunday Night (must be gone by 11:00 am) | Y47: Yes | Z47: No | AA47: No
A48: WEST SUFFOLK OBEDIENCE - Sat 30th and Sun 31st May 2026 | B48: 2984 | C48: Mrs | D48: Clair | E48: Dick | F48: Hunters Moon The Street | G48: Bredfield | H48: Woodbridge | I48: Suffolk | J48: IP136AX | K48: United Kingdom | L48: 01394385872 | M48: clairhelen@googlemail.com | N48: MRS C H and MR MG DICK | P48: WYWYLWYND RANA (ARI) | Q48: AR00407404 | R48: Poodle Standard | S48: Bitch | T48: 41639 | U48: 0 | V48: 0 | W48: Not applicable | X48: 1. Camping Friday Night (from Friday mid-day),2. Camping Sat Night,3. Camping Sunday Night (must be gone by 11:00 am) | Y48: Yes | Z48: No | AA48: No
A49: WEST SUFFOLK OBEDIENCE - Sat 30th and Sun 31st May 2026 | B49: 2984 | C49: Mrs | D49: Clair | E49: Dick | F49: Hunters Moon The Street | G49: Bredfield | H49: Woodbridge | I49: Suffolk | J49: IP136AX | K49: United Kingdom | L49: 01394385872 | M49: clairhelen@googlemail.com | N49: MRS C H and MR MG DICK | P49: JOEVANESS MCLAREN (BC2) | Q49: BC28914703 | R49: German Shepherd Dog | S49: Dog | T49: 45802 | U49: 0 | V49: 0 | W49: Not applicable | X49: 1. Camping Friday Night (from Friday mid-day),2. Camping Sat Night,3. Camping Sunday Night (must be gone by 11:00 am) | Y49: Yes | Z49: No | AA49: No
A50: WEST SUFFOLK OBEDIENCE - Sat 30th and Sun 31st May 2026 | B50: 2984 | C50: Mrs | D50: Clair | E50: Dick | F50: Hunters Moon The Street | G50: Bredfield | H50: Woodbridge | I50: Suffolk | J50: IP136AX | K50: United Kingdom | L50: 01394385872 | M50: clairhelen@googlemail.com | N50: MRS C H and MR MG DICK | P50: WYWYLWYND BIRYANI (AT3) | Q50: AT02421401 | R50: Poodle Standard | S50: Bitch | T50: 42539 | U50: 0 | V50: 0 | W50: Not applicable | X50: 1. Camping Friday Night (from Friday mid-day),2. Camping Sat Night,3. Camping Sunday Night (must be gone by 11:00 am) | Y50: Yes | Z50: No | AA50: No
A51: WEST SUFFOLK OBEDIENCE - Sat 30th and Sun 31st May 2026 | B51: 2984 | C51: Mrs | D51: Clair | E51: Dick | F51: Hunters Moon The Street | G51: Bredfield | H51: Woodbridge | I51: Suffolk | J51: IP136AX | K51: United Kingdom | L51: 01394385872 | M51: clairhelen@googlemail.com | N51: MRS C H and MR MG DICK | P51: WYWYLWYND RANA (ARI) | Q51: AR00407404 | R51: Poodle Standard | S51: Bitch | T51: 41639 | U51: 0 | V51: 0 | W51: Not applicable | X51: 1. Camping Friday Night (from Friday mid-day),2. Camping Sat Night,3. Camping Sunday Night (must be gone by 11:00 am) | Y51: Yes | Z51: No | AA51: No
A52: WEST SUFFOLK OBEDIENCE - Sat 30th and Sun 31st May 2026 | B52: 460 | C52: Mrs | D52: Pamela | E52: Durham | F52: 12 Chandlers Way | G52: Aldringham | H52: Leiston | I52: Suffolk | J52: IP16 4WA | K52: United Kingdom | L52: 01728 635065 | M52: pam.durham@hotmail.co.uk | N52: Mrs P A Durahm | P52: Delanor Here Comes The Sun | Q52: AP03218502 | R52: Border Collie | S52: Dog | T52: 41095 | U52: 0 | V52: 0 | W52: Not applicable | Y52: Yes | Z52: No | AA52: No | AB52: As I am judging at this show on Sunday I would be grateful not to be drawn on Saturday. Thank you.
A53: WEST SUFFOLK OBEDIENCE - Sat 30th and Sun 31st May 2026 | B53: 460 | C53: Mrs | D53: Pamela | E53: Durham | F53: 12 Chandlers Way | G53: Aldringham | H53: Leiston | I53: Suffolk | J53: IP16 4WA | K53: United Kingdom | L53: 01728 635065 | M53: pam.durham@hotmail.co.uk | N53: Mrs P A Durahm | P53: Majacabus Working On A Dream | Q53: AT01298607 | R53: Border Collie | S53: Dog | T53: 42415 | U53: 0 | V53: 0 | W53: Not applicable | Y53: Yes | Z53: No | AA53: No | AB53: As I am judging at this show on Sunday I would be grateful not to be drawn on Saturday. Thank you.
A54: WEST SUFFOLK OBEDIENCE - Sat 30th and Sun 31st May 2026 | B54: 2242 | C54: Mr | D54: GRAHAM | E54: DYKE | F54: 68 ALBERT STREET | H54: SPALDING | I54: LINCOLNSHRE | J54: PE11 2LD | K54: United Kingdom | L54: 07736693937 | M54: grahamdyke1@hotmail.co.uk | N54: MR G P DYKE | P54: TWOSTEP'S MINI ME | Q54: K150819 | R54: Crossbreed | S54: Dog | T54: 42092 | U54: 0 | V54: 0 | W54: Not applicable | X54: 1. Camping Friday Night (from Friday mid-day),2. Camping Sat Night | Y54: Yes | Z54: No | AA54: No
A55: WEST SUFFOLK OBEDIENCE - Sat 30th and Sun 31st May 2026 | B55: 2242 | C55: Mr | D55: GRAHAM | E55: DYKE | F55: 68 ALBERT STREET | H55: SPALDING | I55: LINCOLNSHRE | J55: PE11 2LD | K55: United Kingdom | L55: 07736693937 | M55: grahamdyke1@hotmail.co.uk | N55: MR G P DYKE | P55: TWOSTEP'S MINI ME | Q55: K150819 | R55: Crossbreed | S55: Dog | T55: 42092 | U55: 0 | V55: 0 | W55: Not applicable | X55: 1. Camping Friday Night (from Friday mid-day),2. Camping Sat Night | Y55: Yes | Z55: No | AA55: No
A56: WEST SUFFOLK OBEDIENCE - Sat 30th and Sun 31st May 2026 | B56: 2151 | C56: Miss | D56: Bernice | E56: Emanuel | F56: 46 All Saints Road | H56: Newmarket | I56: Suffolk | J56: CB8 8ET | K56: United Kingdom | L56: 07795296626 | M56: puppies105@hotmail.com | N56: Miss Bernice Emanuel | P56: Foxbarton Kings Minstrel | Q56: AR03270804 | R56: Border Collie | S56: Dog | T56: 41899 | U56: 0 | V56: 0 | W56: Not applicable | Y56: Yes | Z56: No | AA56: No
A57: WEST SUFFOLK OBEDIENCE - Sat 30th and Sun 31st May 2026 | B57: 2151 | C57: Miss | D57: Bernice | E57: Emanuel | F57: 46 All Saints Road | H57: Newmarket | I57: Suffolk | J57: CB8 8ET | K57: United Kingdom | L57: 07795296626 | M57: puppies105@hotmail.com | N57: Miss Bernice Emanuel | P57: Foxbarton Kings Minstrel | Q57: AR03270804 | R57: Border Collie | S57: Dog | T57: 41899 | U57: 0 | V57: 0 | W57: Not applicable | Y57: Yes | Z57: No | AA57: No
A58: WEST SUFFOLK OBEDIENCE - Sat 30th and Sun 31st May 2026 | B58: 2151 | C58: Miss | D58: Bernice | E58: Emanuel | F58: 46 All Saints Road | H58: Newmarket | I58: Suffolk | J58: CB8 8ET | K58: United Kingdom | L58: 07795296626 | M58: puppies105@hotmail.com | N58: Miss Bernice Emanuel | P58: Foxbarton Noble Quest | Q58: AW00573203 | R58: Border Collie | S58: Dog | T58: 43490 | U58: 0 | V58: 0 | W58: Not applicable | Y58: Yes | Z58: No | AA58: No
A59: WEST SUFFOLK OBEDIENCE - Sat 30th and Sun 31st May 2026 | B59: 2151 | C59: Miss | D59: Bernice | E59: Emanuel | F59: 46 All Saints Road | H59: Newmarket | I59: Suffolk | J59: CB8 8ET | K59: United Kingdom | L59: 07795296626 | M59: puppies105@hotmail.com | N59: Miss Bernice Emanuel | P59: Foxbarton Noble Quest | Q59: AW00573203 | R59: Border Collie | S59: Dog | T59: 43490 | U59: 0 | V59: 0 | W59: Not applicable | Y59: Yes | Z59: No | AA59: No
A60: WEST SUFFOLK OBEDIENCE - Sat 30th and Sun 31st May 2026 | B60: 1375 | C60: Mr | D60: Joe | E60: Game | F60: The Boundary,16 Kings Way | G60: Walsoken | H60: Wisbech | I60: cambs | J60: PE13 3DU | K60: United Kingdom | L60: 01945428737 | M60: joedemi@virginmedia.com | N60: Mr J W Game | P60: CORBIELODGE CONSTANCE OF RETHYMNI | Q60: BC28617303 | R60: GOLDEN RETRIEVER | S60: Bitch | T60: 45775 | U60: 0 | V60: 0 | W60: Not applicable | Y60: Yes | Z60: No | AA60: No
A61: WEST SUFFOLK OBEDIENCE - Sat 30th and Sun 31st May 2026 | B61: 1375 | C61: Mr | D61: Joe | E61: Game | F61: The Boundary,16 Kings Way | G61: Walsoken | H61: Wisbech | I61: cambs | J61: PE13 3DU | K61: United Kingdom | L61: 01945428737 | M61: joedemi@virginmedia.com | N61: Mr J W Game | P61: STILLMOOR FIRE COMET OF RETHYMNI | Q61: AS04095507 | R61: BORDER COLLIE | S61: Dog | T61: 42314 | U61: 0 | V61: 0 | W61: Not applicable | Y61: Yes | Z61: No | AA61: No
A62: WEST SUFFOLK OBEDIENCE - Sat 30th and Sun 31st May 2026 | B62: 1375 | C62: Mr | D62: Joe | E62: Game | F62: The Boundary,16 Kings Way | G62: Walsoken | H62: Wisbech | I62: cambs | J62: PE13 3DU | K62: United Kingdom | L62: 01945428737 | M62: joedemi@virginmedia.com | N62: Mr J W Game | P62: STOCKYARD MITY BLUE MINI ME OF RETHYMNI | Q62: BA19598804 | R62: Australian Shepherd | S62: Bitch | T62: 44988 | U62: 0 | V62: 0 | W62: Not applicable | Y62: Yes | Z62: No | AA62: No
A63: WEST SUFFOLK OBEDIENCE - Sat 30th and Sun 31st May 2026 | B63: 1375 | C63: Mr | D63: Joe | E63: Game | F63: The Boundary,16 Kings Way | G63: Walsoken | H63: Wisbech | I63: cambs | J63: PE13 3DU | K63: United Kingdom | L63: 01945428737 | M63: joedemi@virginmedia.com | N63: Mr J W Game | P63: CORBIELODGE CONSTANCE OF RETHYMNI | Q63: BC28617303 | R63: GOLDEN RETRIEVER | S63: Bitch | T63: 45775 | U63: 0 | V63: 0 | W63: Not applicable | Y63: Yes | Z63: No | AA63: No
A64: WEST SUFFOLK OBEDIENCE - Sat 30th and Sun 31st May 2026 | B64: 1375 | C64: Mr | D64: Joe | E64: Game | F64: The Boundary,16 Kings Way | G64: Walsoken | H64: Wisbech | I64: cambs | J64: PE13 3DU | K64: United Kingdom | L64: 01945428737 | M64: joedemi@virginmedia.com | N64: Mr J W Game | P64: STILLMOOR FIRE COMET OF RETHYMNI | Q64: AS04095507 | R64: BORDER COLLIE | S64: Dog | T64: 42314 | U64: 0 | V64: 0 | W64: Not applicable | Y64: Yes | Z64: No | AA64: No
A65: WEST SUFFOLK OBEDIENCE - Sat 30th and Sun 31st May 2026 | B65: 5956 | C65: Mrs | D65: Christine Anne | E65: Gardner | F65: 6 Fishermans Way | G65: Kessingland | H65: Lowestoft | I65: Suffolk | J65: NR33 7NY | K65: United Kingdom | L65: 07947090890 | M65: christinegardner1@live.co.uk | N65: Mrs C A Gardner | P65: Jacko of all Trades (AS2) | Q65: K150607 | R65: Working Sheepdog | S65: Dog | T65: 41961 | U65: 0 | V65: 0 | W65: Not applicable | Y65: Yes | Z65: No | AA65: No
A66: WEST SUFFOLK OBEDIENCE - Sat 30th and Sun 31st May 2026 | B66: 818 | C66: Miss | D66: Gill | E66: Garraway | F66: 43 Hillside Crescent | G66: Weldon | H66: Corby | I66: Northants | J66: NN17 3HF | K66: United Kingdom | L66: 07805190544 | M66: gill.underwood1978@gmail.com | N66: Gill Garraway | P66: Just Bailey | Q66: K0278438 | R66: Chihuahua | S66: Dog | T66: 43678 | U66: 0 | V66: 0 | W66: Not applicable | X66: 1. Camping Friday Night (from Friday mid-day),2. Camping Sat Night | Y66: Yes | Z66: No | AA66: No
A67: WEST SUFFOLK OBEDIENCE - Sat 30th and Sun 31st May 2026 | B67: 818 | C67: Miss | D67: Gill | E67: Garraway | F67: 43 Hillside Crescent | G67: Weldon | H67: Corby | I67: Northants | J67: NN17 3HF | K67: United Kingdom | L67: 07805190544 | M67: gill.underwood1978@gmail.com | N67: Gill Garraway | P67: Just Bailey | Q67: K0278438 | R67: Chihuahua | S67: Dog | T67: 43678 | U67: 0 | V67: 0 | W67: Not applicable | X67: 1. Camping Friday Night (from Friday mid-day),2. Camping Sat Night | Y67: Yes | Z67: No | AA67: No
A68: WEST SUFFOLK OBEDIENCE - Sat 30th and Sun 31st May 2026 | B68: 764 | C68: Mrs | D68: Caroline | E68: Gebbie | F68: 6 Basil Avenue | G68: Armthorpe | H68: Doncaster | I68: South Yorkshire | J68: DN3 2AT | K68: United Kingdom | L68: 07739714787 | M68: caroline@ukpet.com | N68: Mrs C & Nr N J Gebbie | P68: Kenynten Cariad | Q68: AW03208002 | R68: French Bulldog | S68: Bitch | T68: 43622 | U68: 0 | V68: 0 | W68: Not applicable | X68: 1. Camping Friday Night (from Friday mid-day),2. Camping Sat Night | Y68: Yes | Z68: No | AA68: No
A69: WEST SUFFOLK OBEDIENCE - Sat 30th and Sun 31st May 2026 | B69: 764 | C69: Mrs | D69: Caroline | E69: Gebbie | F69: 6 Basil Avenue | G69: Armthorpe | H69: Doncaster | I69: South Yorkshire | J69: DN3 2AT | K69: United Kingdom | L69: 07739714787 | M69: caroline@ukpet.com | N69: Mrs C & Nr N J Gebbie | P69: Verdendo Lucky Louie | Q69: AT02447504 | R69: Boxer | S69: Dog | T69: 42524 | U69: 0 | V69: 0 | W69: Not applicable | X69: 1. Camping Friday Night (from Friday mid-day),2. Camping Sat Night | Y69: Yes | Z69: No | AA69: No
A70: WEST SUFFOLK OBEDIENCE - Sat 30th and Sun 31st May 2026 | B70: 764 | C70: Mrs | D70: Caroline | E70: Gebbie | F70: 6 Basil Avenue | G70: Armthorpe | H70: Doncaster | I70: South Yorkshire | J70: DN3 2AT | K70: United Kingdom | L70: 07739714787 | M70: caroline@ukpet.com | N70: Mrs C & Nr N J Gebbie | P70: Kenynten Cariad | Q70: AW03208002 | R70: French Bulldog | S70: Bitch | T70: 43622 | U70: 0 | V70: 0 | W70: Not applicable | X70: 1. Camping Friday Night (from Friday mid-day),2. Camping Sat Night | Y70: Yes | Z70: No | AA70: No
A71: WEST SUFFOLK OBEDIENCE - Sat 30th and Sun 31st May 2026 | B71: 764 | C71: Mrs | D71: Caroline | E71: Gebbie | F71: 6 Basil Avenue | G71: Armthorpe | H71: Doncaster | I71: South Yorkshire | J71: DN3 2AT | K71: United Kingdom | L71: 07739714787 | M71: caroline@ukpet.com | N71: Mrs C & Nr N J Gebbie | P71: Verdendo Lucky Louie | Q71: AT02447504 | R71: Boxer | S71: Dog | T71: 42524 | U71: 0 | V71: 0 | W71: Not applicable | X71: 1. Camping Friday Night (from Friday mid-day),2. Camping Sat Night | Y71: Yes | Z71: No | AA71: No
A72: WEST SUFFOLK OBEDIENCE - Sat 30th and Sun 31st May 2026 | B72: 5516 | C72: Mrs | D72: Jann | E72: Grant | F72: The Finches | G72: Cake Street, Old Buckenham | H72: Attleborough | I72: Norfolk | J72: NR17 1RU | K72: United Kingdom | L72: 01953861407 | M72: jann.grant27@btinternet.com | N72: Mrs Janice Grant | P72: Ousevale Maidens Blush | Q72: AZ14540411 | R72: Golden Retriever | S72: Bitch | T72: 45050 | U72: 0 | V72: 0 | W72: Not applicable | Y72: Yes | Z72: No | AA72: No
A73: WEST SUFFOLK OBEDIENCE - Sat 30th and Sun 31st May 2026 | B73: 5516 | C73: Mrs | D73: Jann | E73: Grant | F73: The Finches | G73: Cake Street, Old Buckenham | H73: Attleborough | I73: Norfolk | J73: NR17 1RU | K73: United Kingdom | L73: 01953861407 | M73: jann.grant27@btinternet.com | N73: Mrs Janice Grant | P73: Ousevale Maidens Blush | Q73: AZ14540411 | R73: Golden Retriever | S73: Bitch | T73: 45050 | U73: 0 | V73: 0 | W73: Not applicable | Y73: Yes | Z73: No | AA73: No
A74: WEST SUFFOLK OBEDIENCE - Sat 30th and Sun 31st May 2026 | B74: 1635 | C74: Miss | D74: Jill | E74: Grattidge | F74: 19 Church Street | H74: Olney | I74: Buckinghamshire | J74: MK46 4AD | K74: United Kingdom | L74: 01234 711878 | M74: jegrattidge@gmail.com | N74: J.E.Grattidge | P74: Sixela Spindrift at Bisquet OW | Q74: AT01009202 | R74: Border Collie | S74: Bitch | T74: 42407 | U74: 0 | V74: 0 | W74: Not applicable | Y74: Yes | Z74: No | AA74: Yes | AB74: Draw in C if possible please
A75: WEST SUFFOLK OBEDIENCE - Sat 30th and Sun 31st May 2026 | B75: 5634 | C75: Mrs | D75: Clare | E75: Grimsey | F75: 43 Kings Road, | G75: Glemsford | H75: Sudbury | I75: Suffolk | J75: CO10 7QY | K75: United Kingdom | L75: 447972223220 | M75: clare.schneider@btopenworld.com | N75: Mrs C Grimsey | P75: Barleycourt Diana | Q75: AS01384402 | R75: Working Cocker | S75: Bitch | T75: 42097 | U75: 0 | V75: 0 | W75: Not applicable | Y75: Yes | Z75: No | AA75: No
A76: WEST SUFFOLK OBEDIENCE - Sat 30th and Sun 31st May 2026 | B76: 5634 | C76: Mrs | D76: Clare | E76: Grimsey | F76: 43 Kings Road, | G76: Glemsford | H76: Sudbury | I76: Suffolk | J76: CO10 7QY | K76: United Kingdom | L76: 447972223220 | M76: clare.schneider@btopenworld.com | N76: Mrs C Grimsey | P76: Breakdance Boy | Q76: AY11436104 | R76: Working Cocker | S76: Dog | T76: 44473 | U76: 0 | V76: 0 | W76: Not applicable | Y76: Yes | Z76: No | AA76: No
A77: WEST SUFFOLK OBEDIENCE - Sat 30th and Sun 31st May 2026 | B77: 5634 | C77: Mrs | D77: Clare | E77: Grimsey | F77: 43 Kings Road, | G77: Glemsford | H77: Sudbury | I77: Suffolk | J77: CO10 7QY | K77: United Kingdom | L77: 447972223220 | M77: clare.schneider@btopenworld.com | N77: Mrs C Grimsey | P77: Syncerus Slippery at Arizevel | Q77: AY07929906 | R77: English Springer Spaniel | S77: Bitch | T77: 44328 | U77: 0 | V77: 0 | W77: Not applicable | Y77: Yes | Z77: No | AA77: No
A78: WEST SUFFOLK OBEDIENCE - Sat 30th and Sun 31st May 2026 | B78: 5634 | C78: Mrs | D78: Clare | E78: Grimsey | F78: 43 Kings Road, | G78: Glemsford | H78: Sudbury | I78: Suffolk | J78: CO10 7QY | K78: United Kingdom | L78: 447972223220 | M78: clare.schneider@btopenworld.com | N78: Mrs C Grimsey | P78: Barleycourt Diana | Q78: AS01384402 | R78: Working Cocker | S78: Bitch | T78: 42097 | U78: 0 | V78: 0 | W78: Not applicable | Y78: Yes | Z78: No | AA78: No
A79: WEST SUFFOLK OBEDIENCE - Sat 30th and Sun 31st May 2026 | B79: 5634 | C79: Mrs | D79: Clare | E79: Grimsey | F79: 43 Kings Road, | G79: Glemsford | H79: Sudbury | I79: Suffolk | J79: CO10 7QY | K79: United Kingdom | L79: 447972223220 | M79: clare.schneider@btopenworld.com | N79: Mrs C Grimsey | P79: Breakdance Boy | Q79: AY11436104 | R79: Working Cocker | S79: Dog | T79: 44473 | U79: 0 | V79: 0 | W79: Not applicable | Y79: Yes | Z79: No | AA79: No
A80: WEST SUFFOLK OBEDIENCE - Sat 30th and Sun 31st May 2026 | B80: 5634 | C80: Mrs | D80: Clare | E80: Grimsey | F80: 43 Kings Road, | G80: Glemsford | H80: Sudbury | I80: Suffolk | J80: CO10 7QY | K80: United Kingdom | L80: 447972223220 | M80: clare.schneider@btopenworld.com | N80: Mrs C Grimsey | P80: Syncerus Slippery at Arizevel | Q80: AY07929906 | R80: English Springer Spaniel | S80: Bitch | T80: 44328 | U80: 0 | V80: 0 | W80: Not applicable | Y80: Yes | Z80: No | AA80: No
A81: WEST SUFFOLK OBEDIENCE - Sat 30th and Sun 31st May 2026 | B81: 697 | C81: Mrs | D81: Wendy | E81: Hagger | F81: Gainsborough | G81: Alderton rd | H81: Hollesley | I81: Woodbridge, Suffolk | J81: IP123RH | K81: United Kingdom | L81: 01394411856 | M81: wagger007@btinternet.com | N81: Wendy Hagger | P81: Knight of thunder | Q81: K148124 | R81: Goldie X | S81: Dog | T81: 41687 | U81: 0 | V81: 0 | W81: Not applicable | Y81: Yes | Z81: No | AA81: No | AB81: This is an additional entry to my previous camping and one class entry.
A82: WEST SUFFOLK OBEDIENCE - Sat 30th and Sun 31st May 2026 | B82: 697 | C82: Mrs | D82: Wendy | E82: Hagger | F82: Gainsborough | G82: Alderton rd | H82: Hollesley | I82: Woodbridge, Suffolk | J82: IP123RH | K82: United Kingdom | L82: 01394411856 | M82: wagger007@btinternet.com | N82: Wendy Hagger | P82: Tiny Star | Q82: AQ02424002 | R82: Min Poodle | S82: Bitch | T82: 41416 | U82: 0 | V82: 0 | W82: Not applicable | Y82: Yes | Z82: No | AA82: No | AB82: This is an additional entry to my previous camping and one class entry.
A83: WEST SUFFOLK OBEDIENCE - Sat 30th and Sun 31st May 2026 | B83: 697 | C83: Mrs | D83: Wendy | E83: Hagger | F83: Gainsborough | G83: Alderton rd | H83: Hollesley | I83: Woodbridge, Suffolk | J83: IP123RH | K83: United Kingdom | L83: 01394411856 | M83: wagger007@btinternet.com | N83: Wendy Hagger | P83: Knight of thunder | Q83: K148124 | R83: Goldie X | S83: Dog | T83: 41687 | U83: 0 | V83: 0 | W83: Not applicable | Y83: Yes | Z83: No | AA83: No | AB83: This is an additional entry to my previous camping and one class entry.
A84: WEST SUFFOLK OBEDIENCE - Sat 30th and Sun 31st May 2026 | B84: 697 | C84: Mrs | D84: Wendy | E84: Hagger | F84: Gainsborough | G84: Alderton rd | H84: Hollesley | I84: Woodbridge, Suffolk | J84: IP123RH | K84: United Kingdom | L84: 01394411856 | M84: wagger007@btinternet.com | N84: Wendy Hagger | P84: Tiny Star | Q84: AQ02424002 | R84: Min Poodle | S84: Bitch | T84: 41416 | U84: 0 | V84: 0 | W84: Not applicable | Y84: Yes | Z84: No | AA84: No | AB84: This is an additional entry to my previous camping and one class entry.
A85: WEST SUFFOLK OBEDIENCE - Sat 30th and Sun 31st May 2026 | B85: 697 | C85: Mrs | D85: Wendy | E85: Hagger | F85: Gainsborough | G85: Alderton rd | H85: Hollesley | I85: Woodbridge, Suffolk | J85: IP123RH | K85: United Kingdom | L85: 01394411856 | M85: wagger007@btinternet.com | N85: Wendy Hagger | P85: Bowbek Swagger | Q85: K0278416 | R85: Goldie X | S85: Dog | T85: 45732 | U85: 0 | V85: 0 | W85: Not applicable | Y85: Yes | Z85: No | AA85: No | AB85: This is an additional entry to my previous camping and one class entry.
A86: WEST SUFFOLK OBEDIENCE - Sat 30th and Sun 31st May 2026 | B86: 553 | C86: Mrs | D86: Linda | E86: Hughes | F86: Foxhall, The Croft | H86: Bures | I86: Suffolk | J86: CO8 5JB | K86: United Kingdom | L86: 01787228204 | M86: linda@foxhallsolutions.com | N86: Mrs Linda hughes | P86: Eronel Fireside Treats | Q86: BB26934903 | R86: Toy Poodle | S86: Dog | T86: 45625 | U86: 0 | V86: 0 | W86: Not applicable | Y86: Yes | Z86: No | AA86: Yes
A87: WEST SUFFOLK OBEDIENCE - Sat 30th and Sun 31st May 2026 | B87: 553 | C87: Mrs | D87: Linda | E87: Hughes | F87: Foxhall, The Croft | H87: Bures | I87: Suffolk | J87: CO8 5JB | K87: United Kingdom | L87: 01787228204 | M87: linda@foxhallsolutions.com | N87: Mrs Linda hughes | P87: Firetouch He'zz Old Spot | Q87: K0279954 | R87: Working Sheepdog | S87: Dog | T87: 45924 | U87: 0 | V87: 0 | W87: Not applicable | Y87: Yes | Z87: No | AA87: Yes
A88: WEST SUFFOLK OBEDIENCE - Sat 30th and Sun 31st May 2026 | B88: 553 | C88: Mrs | D88: Linda | E88: Hughes | F88: Foxhall, The Croft | H88: Bures | I88: Suffolk | J88: CO8 5JB | K88: United Kingdom | L88: 01787228204 | M88: linda@foxhallsolutions.com | N88: Mrs Linda hughes | P88: Eronel Fireside Treats | Q88: BB26934903 | R88: Toy Poodle | S88: Dog | T88: 45625 | U88: 0 | V88: 0 | W88: Not applicable | Y88: Yes | Z88: No | AA88: Yes
A89: WEST SUFFOLK OBEDIENCE - Sat 30th and Sun 31st May 2026 | B89: 553 | C89: Mrs | D89: Linda | E89: Hughes | F89: Foxhall, The Croft | H89: Bures | I89: Suffolk | J89: CO8 5JB | K89: United Kingdom | L89: 01787228204 | M89: linda@foxhallsolutions.com | N89: Mrs Linda hughes | P89: Firetouch He'zz Old Spot | Q89: K0279954 | R89: Working Sheepdog | S89: Dog | T89: 45924 | U89: 0 | V89: 0 | W89: Not applicable | Y89: Yes | Z89: No | AA89: Yes
A90: WEST SUFFOLK OBEDIENCE - Sat 30th and Sun 31st May 2026 | B90: 2236 | C90: Miss | D90: Miranda | E90: Humphreys | F90: Verona | G90: Straight Road | H90: Bradfield | I90: Essex | J90: CO11 2RA | K90: United Kingdom | L90: 447587132666 | M90: miranda.3labs@gmail.com | N90: Miranda Humphreys | P90: Gursten Lady of Broadchalke | Q90: AW00820103 | R90: Retriever Labrador | S90: Bitch | T90: 43506 | U90: 0 | V90: 0 | W90: Not applicable | X90: 1. Camping Friday Night (from Friday mid-day),2. Camping Sat Night | Y90: Yes | Z90: No | AA90: Yes
A91: WEST SUFFOLK OBEDIENCE - Sat 30th and Sun 31st May 2026 | B91: 2236 | C91: Miss | D91: Miranda | E91: Humphreys | F91: Verona | G91: Straight Road | H91: Bradfield | I91: Essex | J91: CO11 2RA | K91: United Kingdom | L91: 447587132666 | M91: miranda.3labs@gmail.com | N91: Miranda Humphreys | P91: She's Busy Lizzie | Q91: AR04409603 | R91: Black Labrador | S91: Bitch | T91: 41951 | U91: 0 | V91: 0 | W91: Not applicable | X91: 1. Camping Friday Night (from Friday mid-day),2. Camping Sat Night | Y91: Yes | Z91: No | AA91: Yes
A92: WEST SUFFOLK OBEDIENCE - Sat 30th and Sun 31st May 2026 | B92: 2236 | C92: Miss | D92: Miranda | E92: Humphreys | F92: Verona | G92: Straight Road | H92: Bradfield | I92: Essex | J92: CO11 2RA | K92: United Kingdom | L92: 447587132666 | M92: miranda.3labs@gmail.com | N92: Miranda Humphreys | P92: Gursten Lady of Broadchalke | Q92: AW00820103 | R92: Retriever Labrador | S92: Bitch | T92: 43506 | U92: 0 | V92: 0 | W92: Not applicable | X92: 1. Camping Friday Night (from Friday mid-day),2. Camping Sat Night | Y92: Yes | Z92: No | AA92: Yes
A93: WEST SUFFOLK OBEDIENCE - Sat 30th and Sun 31st May 2026 | B93: 2236 | C93: Miss | D93: Miranda | E93: Humphreys | F93: Verona | G93: Straight Road | H93: Bradfield | I93: Essex | J93: CO11 2RA | K93: United Kingdom | L93: 447587132666 | M93: miranda.3labs@gmail.com | N93: Miranda Humphreys | P93: She's Busy Lizzie | Q93: AR04409603 | R93: Black Labrador | S93: Bitch | T93: 41951 | U93: 0 | V93: 0 | W93: Not applicable | X93: 1. Camping Friday Night (from Friday mid-day),2. Camping Sat Night | Y93: Yes | Z93: No | AA93: Yes
A94: WEST SUFFOLK OBEDIENCE - Sat 30th and Sun 31st May 2026 | B94: 2236 | C94: Miss | D94: Miranda | E94: Humphreys | F94: Verona | G94: Straight Road | H94: Bradfield | I94: Essex | J94: CO11 2RA | K94: United Kingdom | L94: 447587132666 | M94: miranda.3labs@gmail.com | N94: Miranda Humphreys | P94: Corner Oak Golden Noble | Q94: AZ17182006 | R94: Golden Retriever | S94: Dog | T94: 44852 | U94: 0 | V94: 0 | W94: Not applicable | X94: 1. Camping Friday Night (from Friday mid-day),2. Camping Sat Night | Y94: Yes | Z94: No | AA94: Yes
A95: WEST SUFFOLK OBEDIENCE - Sat 30th and Sun 31st May 2026 | B95: 4499 | C95: Mrs | D95: Kim | E95: Innes | F95: Hawthorns, Nedging Road, | G95: Nedging Tye | H95: Ipswich | I95: Suffolk | J95: IP[7 7HW | K95: United Kingdom | L95: 01449 744216 | M95: kiminnes@btinternet.com | N95: Kim Innes | P95: Domburg Just Saying | Q95: BC28495902 | R95: Belgian Sheperd Dog (Tervueren) | S95: Dog | T95: 45783 | U95: 0 | V95: 0 | W95: Not applicable | Y95: Yes | Z95: No | AA95: No
A96: WEST SUFFOLK OBEDIENCE - Sat 30th and Sun 31st May 2026 | B96: 4499 | C96: Mrs | D96: Kim | E96: Innes | F96: Hawthorns, Nedging Road, | G96: Nedging Tye | H96: Ipswich | I96: Suffolk | J96: IP[7 7HW | K96: United Kingdom | L96: 01449 744216 | M96: kiminnes@btinternet.com | N96: Kim Innes | P96: Domburg Just Saying | Q96: BC28495902 | R96: Belgian Sheperd Dog (Tervueren) | S96: Dog | T96: 45783 | U96: 0 | V96: 0 | W96: Not applicable | Y96: Yes | Z96: No | AA96: No
A97: WEST SUFFOLK OBEDIENCE - Sat 30th and Sun 31st May 2026 | B97: 5642 | C97: Mrs | D97: Tracy | E97: Jackaman | F97: 93a Chilburn Road | H97: Clacton on Sea | I97: Essex | J97: CO15 4PE | K97: United Kingdom | L97: 07599183342 | M97: tracy.jackaman@outlook.com | N97: Tracy Jackaman | P97: Kebulak Spring Fling | Q97: AS03686903 | R97: Welsh Terrier | S97: Bitch | T97: 42299 | U97: 0 | V97: 0 | W97: Not applicable | X97: 2. Camping Sat Night | Y97: Yes | Z97: No | AA97: No
A98: WEST SUFFOLK OBEDIENCE - Sat 30th and Sun 31st May 2026 | B98: 5642 | C98: Mrs | D98: Tracy | E98: Jackaman | F98: 93a Chilburn Road | H98: Clacton on Sea | I98: Essex | J98: CO15 4PE | K98: United Kingdom | L98: 07599183342 | M98: tracy.jackaman@outlook.com | N98: Tracy Jackaman | P98: Kebulak Spring Fling | Q98: AS03686903 | R98: Welsh Terrier | S98: Bitch | T98: 42299 | U98: 0 | V98: 0 | W98: Not applicable | X98: 2. Camping Sat Night | Y98: Yes | Z98: No | AA98: No
A99: WEST SUFFOLK OBEDIENCE - Sat 30th and Sun 31st May 2026 | B99: 2038 | C99: Mrs | D99: Claire | E99: Jameson | F99: 5 Marne Close | G99: Warfield | H99: Bracknell | I99: Berkshire | J99: RG42 6EW | K99: United Kingdom | L99: 07733214095 | M99: claire.jameson001@gmail.com | N99: Mrs C Jameson | P99: Tailtastic No Trouble At All | Q99: K152517 | R99: Working Sheepdog | S99: Dog | T99: 42284 | U99: 0 | V99: 0 | W99: Not applicable | Y99: Yes | Z99: No | AA99: No
A100: WEST SUFFOLK OBEDIENCE - Sat 30th and Sun 31st May 2026 | B100: 2038 | C100: Mrs | D100: Claire | E100: Jameson | F100: 5 Marne Close | G100: Warfield | H100: Bracknell | I100: Berkshire | J100: RG42 6EW | K100: United Kingdom | L100: 07733214095 | M100: claire.jameson001@gmail.com | N100: Mrs C Jameson | P100: Tailtastic No Trouble At All | Q100: K152517 | R100: Working Sheepdog | S100: Dog | T100: 42284 | U100: 0 | V100: 0 | W100: Not applicable | Y100: Yes | Z100: No | AA100: No
...
