Workbook

Sheet Petersfield_&_District_DTS_2025
A1: Show name | B1: Owner Id | E1: Owner title | F1: Owner first name | G1: Owner last name | H1: Owner address 1 | I1: Owner address 2 | J1: Owner town | K1: Owner county | L1: Owner postcode | M1: Owner country | N1: Owner phone | O1: Owner email address | P1: Owner | Q1: Vehicle registration | R1: Registered name | S1: Registered number | T1: Breed | U1: Sex | V1: Date of birth | W1: Merit points | X1: Entered classes | Y1: Preferred judge | Z1: Extras | AA1: Confirmed acceptance of declaration | AB1: Withdraw all entries if balloted out of Championship C | AC1: Show address in catalogue | AD1: Notes to organiser
A2: Petersfield & District DTS - SATUDAY 31ST MAY AND SUNDAY 1ST JUNE 2025 | B2: 2670 | C2: =F2&" "&G2 -> Annie Abbott | D2: =VLOOKUP(R2,'Ring numbers'!G:H,2,FALSE) -> 1 | E2: Miss | F2: Annie | G2: Abbott | H2: Foster cottage | J2: Wareham | K2: Dorset | L2: BH20 7DL | M2: United Kingdom | N2: 7934997677 | O2: anico16@hotmail.com | P2: Annie Abbott | R2: Mosquito Meep | S2: F5-13919-2024 | T2: Toy Poodle | U2: Dog | V2: 45309 | W2: 0 | X2: 2 | AA2: Yes | AB2: No | AC2: No
A3: Petersfield & District DTS - SATUDAY 31ST MAY AND SUNDAY 1ST JUNE 2025 | B3: 2670 | C3: Annie Abbott | D3: 2 | E3: Miss | F3: Annie | G3: Abbott | H3: Foster cottage | J3: Wareham | K3: Dorset | L3: BH20 7DL | M3: United Kingdom | N3: 7934997677 | O3: anico16@hotmail.com | P3: Annie Abbott | R3: Ri Coco the Clown | S3: K159116 | T3: Poodle | U3: Dog | V3: 41476 | W3: 0 | X3: 2 | AA3: Yes | AB3: No | AC3: No
A4: Petersfield & District DTS - SATUDAY 31ST MAY AND SUNDAY 1ST JUNE 2025 | B4: 2649 | C4: Susan Abraham | E4: Miss | F4: Susan | G4: Abraham | H4: 5 Camley Close | J4: Southampton | K4: Hampshire | L4: SO19 9GP | M4: United Kingdom | N4: 023 80432000 | O4: sue_abraham56@hotmail.com | P4: Miss S Abraham | R4: KALIAZAR CRUIZE | S4: AQ01895805 | T4: Border Collie | U4: Dog | V4: 41397 | W4: 0 | X4: 0 | Y4: Not applicable | AA4: Yes | AB4: No | AC4: No
A5: Petersfield & District DTS - SATUDAY 31ST MAY AND SUNDAY 1ST JUNE 2025 | B5: 2649 | C5: Susan Abraham | E5: Miss | F5: Susan | G5: Abraham | H5: 5 Camley Close | J5: Southampton | K5: Hampshire | L5: SO19 9GP | M5: United Kingdom | N5: 023 80432000 | O5: sue_abraham56@hotmail.com | P5: Miss S Abraham | R5: TIPPIVALE JIVE MAN | S5: BB27138202 | T5: BORDER COLLIE | U5: Dog | V5: 45630 | W5: 0 | X5: 0 | Y5: Not applicable | AA5: Yes | AB5: No | AC5: No
A6: Petersfield & District DTS - SATUDAY 31ST MAY AND SUNDAY 1ST JUNE 2025 | B6: 2649 | C6: Susan Abraham | D6: 3 | E6: Miss | F6: Susan | G6: Abraham | H6: 5 Camley Close | J6: Southampton | K6: Hampshire | L6: SO19 9GP | M6: United Kingdom | N6: 023 80432000 | O6: sue_abraham56@hotmail.com | P6: Susan Abraham | R6: Kaliazar Eclipse | S6: AV01178206 | T6: Border Collie | U6: Dog | V6: 43157 | W6: 0 | X6: 4 | Y6: Michelle Richmond | AA6: Yes | AB6: No | AC6: No
A7: Petersfield & District DTS - SATUDAY 31ST MAY AND SUNDAY 1ST JUNE 2025 | B7: 2649 | C7: Susan Abraham | D7: 3 | E7: Miss | F7: Susan | G7: Abraham | H7: 5 Camley Close | J7: Southampton | K7: Hampshire | L7: SO19 9GP | M7: United Kingdom | N7: 023 80432000 | O7: sue_abraham56@hotmail.com | P7: Susan Abraham | R7: Kaliazar Eclipse | S7: AV01178206 | T7: Border Collie | U7: Dog | V7: 43157 | W7: 0 | X7: 5 | Y7: Kathy Case | AA7: Yes | AB7: No | AC7: No
A8: Petersfield & District DTS - SATUDAY 31ST MAY AND SUNDAY 1ST JUNE 2025 | B8: 2649 | C8: Susan Abraham | D8: 3 | E8: Miss | F8: Susan | G8: Abraham | H8: 5 Camley Close | J8: Southampton | K8: Hampshire | L8: SO19 9GP | M8: United Kingdom | N8: 023 80432000 | O8: sue_abraham56@hotmail.com | P8: Susan Abraham | R8: Kaliazar Eclipse | S8: AV01178206 | T8: Border Collie | U8: Dog | V8: 43157 | W8: 0 | X8: 12 | AA8: Yes | AB8: No | AC8: No
A9: Petersfield & District DTS - SATUDAY 31ST MAY AND SUNDAY 1ST JUNE 2025 | B9: 2649 | C9: Susan Abraham | D9: 3 | E9: Miss | F9: Susan | G9: Abraham | H9: 5 Camley Close | J9: Southampton | K9: Hampshire | L9: SO19 9GP | M9: United Kingdom | N9: 023 80432000 | O9: sue_abraham56@hotmail.com | P9: Susan Abraham | R9: Kaliazar Eclipse | S9: AV01178206 | T9: Border Collie | U9: Dog | V9: 43157 | W9: 0 | X9: 14 | AA9: Yes | AB9: No | AC9: No
A10: Petersfield & District DTS - SATUDAY 31ST MAY AND SUNDAY 1ST JUNE 2025 | B10: 2999 | C10: Sandra Aburn | E10: Mrs | F10: Sandra | G10: Aburn | H10: 4 Castle Gardens | J10: Dorking | K10: Surrey | L10: RH4 1NY | M10: United Kingdom | N10: 7852469499 | O10: sandra1.bailey@icloud.com | P10: Miss S Bailey | R10: Forevermagic road king | S10: K0273807 | T10: Working sheepdog | U10: Dog | V10: 45263 | W10: 0 | X10: 0 | Y10: Not applicable | AA10: Yes | AB10: No | AC10: No
A11: Petersfield & District DTS - SATUDAY 31ST MAY AND SUNDAY 1ST JUNE 2025 | B11: 2999 | C11: Sandra Aburn | D11: 4 | E11: Mrs | F11: Sandra | G11: Aburn | H11: 4 Castle Gardens | J11: Dorking | K11: Surrey | L11: RH4 1NY | M11: United Kingdom | N11: 7852469499 | O11: sandra1.bailey@icloud.com | P11: Sandra Bailey | R11: Sapphire Inferno Sky | S11: K164665 | T11: Working Sheepdog | U11: Bitch | V11: 43211 | W11: 0 | X11: 5 | Y11: Kathy Case | AA11: Yes | AB11: No | AC11: No
A12: Petersfield & District DTS - SATUDAY 31ST MAY AND SUNDAY 1ST JUNE 2025 | B12: 2999 | C12: Sandra Aburn | D12: 4 | E12: Mrs | F12: Sandra | G12: Aburn | H12: 4 Castle Gardens | J12: Dorking | K12: Surrey | L12: RH4 1NY | M12: United Kingdom | N12: 7852469499 | O12: sandra1.bailey@icloud.com | P12: Sandra Bailey | R12: Sapphire Inferno Sky | S12: K164665 | T12: Working Sheepdog | U12: Bitch | V12: 43211 | W12: 0 | X12: 6 | Y12: Sue Monk | AA12: Yes | AB12: No | AC12: No
A13: Petersfield & District DTS - SATUDAY 31ST MAY AND SUNDAY 1ST JUNE 2025 | B13: 2999 | C13: Sandra Aburn | E13: Mrs | F13: Sandra | G13: Aburn | H13: 4 Castle Gardens | J13: Dorking | K13: Surrey | L13: RH4 1NY | M13: United Kingdom | N13: 7852469499 | O13: sandra1.bailey@icloud.com | P13: Miss S Bailey | R13: Forevermagic road king | S13: K0273807 | T13: Working sheepdog | U13: Dog | V13: 45263 | W13: 0 | X13: 0 | Y13: Not applicable | AA13: Yes | AB13: No | AC13: No
A14: Petersfield & District DTS - SATUDAY 31ST MAY AND SUNDAY 1ST JUNE 2025 | B14: 2999 | C14: Sandra Aburn | D14: 4 | E14: Mrs | F14: Sandra | G14: Aburn | H14: 4 Castle Gardens | J14: Dorking | K14: Surrey | L14: RH4 1NY | M14: United Kingdom | N14: 7852469499 | O14: sandra1.bailey@icloud.com | P14: Sandra Bailey | R14: Sapphire Inferno Sky | S14: K164665 | T14: Working Sheepdog | U14: Bitch | V14: 43211 | W14: 0 | X14: 15 | AA14: Yes | AB14: No | AC14: No
A15: Petersfield & District DTS - SATUDAY 31ST MAY AND SUNDAY 1ST JUNE 2025 | B15: 2999 | C15: Sandra Aburn | D15: 4 | E15: Mrs | F15: Sandra | G15: Aburn | H15: 4 Castle Gardens | J15: Dorking | K15: Surrey | L15: RH4 1NY | M15: United Kingdom | N15: 7852469499 | O15: sandra1.bailey@icloud.com | P15: Sandra Bailey | R15: Sapphire Inferno Sky | S15: K164665 | T15: Working Sheepdog | U15: Bitch | V15: 43211 | W15: 0 | X15: 17 | AA15: Yes | AB15: No | AC15: No
A16: Petersfield & District DTS - SATUDAY 31ST MAY AND SUNDAY 1ST JUNE 2025 | B16: 2387 | C16: Janet Aldridge | D16: 8 | E16: Mrs | F16: Janet | G16: Aldridge | H16: 2 Malabar farm Cottages, Badby Road West | J16: Daventry | K16: Northants | L16: NN114NH | M16: United Kingdom | N16: 447970863728 | O16: johnmalabar@hotmail.com | P16: Janet Aldridge | R16: Malaridge Sappire Sunset | S16: KO271139 | T16: Working Sheepdog | U16: Bitch | V16: 44971 | W16: 0 | X16: 13 | AA16: Yes | AB16: No | AC16: No
A17: Petersfield & District DTS - SATUDAY 31ST MAY AND SUNDAY 1ST JUNE 2025 | B17: 2387 | C17: Janet Aldridge | D17: 9 | E17: Mrs | F17: Janet | G17: Aldridge | H17: 2 Malabar farm Cottages, Badby Road West | J17: Daventry | K17: Northants | L17: NN114NH | M17: United Kingdom | N17: 447970863728 | O17: johnmalabar@hotmail.com | P17: Janet Aldridge | R17: Tigrys Treacle Tart at Malaridge | S17: K0261529 | T17: Working Sheepdog | U17: Bitch | V17: 44058 | W17: 0 | X17: 17 | AA17: Yes | AB17: No | AC17: No
A18: Petersfield & District DTS - SATUDAY 31ST MAY AND SUNDAY 1ST JUNE 2025 | B18: 2387 | C18: Janet Aldridge | D18: 6 | E18: Mrs | F18: Janet | G18: Aldridge | H18: 2 Malabar farm Cottages, Badby Road West | J18: Daventry | K18: Northants | L18: NN114NH | M18: United Kingdom | N18: 447970863728 | O18: johnmalabar@hotmail.com | P18: Janet Aldridge | R18: Malaridge Dark Side of Moon | S18: KO261404 | T18: Working Sheepdog | U18: Dog | V18: 44106 | W18: 0 | X18: 18 | AA18: Yes | AB18: No | AC18: No
A19: Petersfield & District DTS - SATUDAY 31ST MAY AND SUNDAY 1ST JUNE 2025 | B19: 2387 | C19: Janet Aldridge | D19: 5 | E19: Mrs | F19: Janet | G19: Aldridge | H19: 2 Malabar farm Cottages, Badby Road West | J19: Daventry | K19: Northants | L19: NN114NH | M19: United Kingdom | N19: 447970863728 | O19: johnmalabar@hotmail.com | P19: Janet Aldridge | R19: Candlewind Cassanova at Malaridge | S19: AU01669807 | T19: Border Collie | U19: Dog | V19: 42810 | W19: 0 | X19: 18 | AA19: Yes | AB19: No | AC19: No
A20: Petersfield & District DTS - SATUDAY 31ST MAY AND SUNDAY 1ST JUNE 2025 | B20: 2387 | C20: Janet Aldridge | D20: 7 | E20: Mrs | F20: Janet | G20: Aldridge | H20: 2 Malabar farm Cottages, Badby Road West | J20: Daventry | K20: Northants | L20: NN114NH | M20: United Kingdom | N20: 447970863728 | O20: johnmalabar@hotmail.com | P20: Janet Aldridge | R20: Malaridge Poachers Moon | S20: K159039 | T20: Working Sheepdog | U20: Bitch | V20: 42996 | W20: 0 | X20: 19 | AA20: Yes | AB20: No | AC20: No
A21: Petersfield & District DTS - SATUDAY 31ST MAY AND SUNDAY 1ST JUNE 2025 | B21: 1500 | C21: Kay Allen | D21: 10 | E21: Mrs | F21: Kay | G21: Allen | H21: Maxworthy Barn | I21: Maxworthy | J21: Launceston | K21: Devon | L21: PL15 8LZ | M21: United Kingdom | N21: 1566785587 | O21: kay.allen41@gmail.com | P21: Kay Allen | R21: Torlake Red Nov Ex | S21: AW00031601 | T21: Border Collie | U21: Dog | V21: 43422 | W21: 0 | X21: 5 | Y21: Kathy Case | AA21: Yes | AB21: No | AC21: Yes | AE21: Judging Ch C Bitch Sunday. Camping required Friday-Monday please. _x000D_ Steward Sue Garner
A22: Petersfield & District DTS - SATUDAY 31ST MAY AND SUNDAY 1ST JUNE 2025 | B22: 1500 | C22: Kay Allen | E22: Mrs | F22: Kay | G22: Allen | H22: Maxworthy Barn | I22: Maxworthy | J22: Launceston | K22: Devon | L22: PL15 8LZ | M22: United Kingdom | N22: 1566785587 | O22: kay.allen41@gmail.com | P22: Kay Allen | R22: Cories Crystal Lake B Ex AW(B) | S22: AR02059805 | T22: Border Collie | U22: Bitch | V22: 41709 | W22: 0 | X22: 0 | Y22: Not applicable | AA22: Yes | AB22: No | AC22: Yes | AD22: Judging Ch C Bitch Sunday. Camping required Friday-Monday please. _x000D_ Steward Sue Garner
A23: Petersfield & District DTS - SATUDAY 31ST MAY AND SUNDAY 1ST JUNE 2025 | B23: 1500 | C23: Kay Allen | E23: Mrs | F23: Kay | G23: Allen | H23: Maxworthy Barn | I23: Maxworthy | J23: Launceston | K23: Devon | L23: PL15 8LZ | M23: United Kingdom | N23: 1566785587 | O23: kay.allen41@gmail.com | P23: Kay Allen | R23: Torlake Becka | S23: AW00031602 | T23: Border Collie | U23: Bitch | V23: 43422 | W23: 0 | X23: 0 | Y23: Not applicable | AA23: Yes | AB23: No | AC23: Yes | AD23: Judging Ch C Bitch Sunday. Camping required Friday-Monday please. _x000D_ Steward Sue Garner
A24: Petersfield & District DTS - SATUDAY 31ST MAY AND SUNDAY 1ST JUNE 2025 | B24: 1500 | C24: Kay Allen | E24: Mrs | F24: Kay | G24: Allen | H24: Maxworthy Barn | I24: Maxworthy | J24: Launceston | K24: Devon | L24: PL15 8LZ | M24: United Kingdom | N24: 1566785587 | O24: kay.allen41@gmail.com | P24: Kay Allen | R24: Torlake Royal A ex | S24: AU00564401 | T24: Border Collie | U24: Dog | V24: 42744 | W24: 0 | X24: 0 | Y24: Not applicable | AA24: Yes | AB24: No | AC24: Yes | AD24: Judging Ch C Bitch Sunday. Camping required Friday-Monday please. _x000D_ Steward Sue Garner
A25: Petersfield & District DTS - SATUDAY 31ST MAY AND SUNDAY 1ST JUNE 2025 | B25: 1500 | C25: Kay Allen | E25: Mrs | F25: Kay | G25: Allen | H25: Maxworthy Barn | I25: Maxworthy | J25: Launceston | K25: Devon | L25: PL15 8LZ | M25: United Kingdom | N25: 1566785587 | O25: kay.allen41@gmail.com | P25: Kay Allen | R25: Torlake Temple | S25: BA18655305 | T25: Border Collie | U25: Bitch | V25: 44931 | W25: 0 | X25: 0 | Y25: Not applicable | AA25: Yes | AB25: No | AC25: Yes | AD25: Judging Ch C Bitch Sunday. Camping required Friday-Monday please. _x000D_ Steward Sue Garner
A26: Petersfield & District DTS - SATUDAY 31ST MAY AND SUNDAY 1ST JUNE 2025 | B26: 1500 | C26: Kay Allen | E26: Mrs | F26: Kay | G26: Allen | H26: Maxworthy Barn | I26: Maxworthy | J26: Launceston | K26: Devon | L26: PL15 8LZ | M26: United Kingdom | N26: 1566785587 | O26: kay.allen41@gmail.com | P26: Kay Allen | R26: Torlake Becka | S26: AW00031602 | T26: Border Collie | U26: Bitch | V26: 43422 | W26: 0 | X26: 0 | Y26: Not applicable | AA26: Yes | AB26: No | AC26: Yes | AD26: Judging Ch C Bitch Sunday. Camping required Friday-Monday please. _x000D_ Steward Sue Garner
A27: Petersfield & District DTS - SATUDAY 31ST MAY AND SUNDAY 1ST JUNE 2025 | B27: 1500 | C27: Kay Allen | E27: Mrs | F27: Kay | G27: Allen | H27: Maxworthy Barn | I27: Maxworthy | J27: Launceston | K27: Devon | L27: PL15 8LZ | M27: United Kingdom | N27: 1566785587 | O27: kay.allen41@gmail.com | P27: Kay Allen | R27: Torlake Red Nov Ex | S27: AW00031601 | T27: Border Collie | U27: Dog | V27: 43422 | W27: 0 | X27: 0 | Y27: Not applicable | AA27: Yes | AB27: No | AC27: Yes | AD27: Judging Ch C Bitch Sunday. Camping required Friday-Monday please. _x000D_ Steward Sue Garner
A28: Petersfield & District DTS - SATUDAY 31ST MAY AND SUNDAY 1ST JUNE 2025 | B28: 1500 | C28: Kay Allen | E28: Mrs | F28: Kay | G28: Allen | H28: Maxworthy Barn | I28: Maxworthy | J28: Launceston | K28: Devon | L28: PL15 8LZ | M28: United Kingdom | N28: 1566785587 | O28: kay.allen41@gmail.com | P28: Kay Allen | R28: Torlake Royal A ex | S28: AU00564401 | T28: Border Collie | U28: Dog | V28: 42744 | W28: 0 | X28: 0 | Y28: Not applicable | AA28: Yes | AB28: No | AC28: Yes | AD28: Judging Ch C Bitch Sunday. Camping required Friday-Monday please. _x000D_ Steward Sue Garner
A29: Petersfield & District DTS - SATUDAY 31ST MAY AND SUNDAY 1ST JUNE 2025 | B29: 1500 | C29: Kay Allen | E29: Mrs | F29: Kay | G29: Allen | H29: Maxworthy Barn | I29: Maxworthy | J29: Launceston | K29: Devon | L29: PL15 8LZ | M29: United Kingdom | N29: 1566785587 | O29: kay.allen41@gmail.com | P29: Kay Allen | R29: Cories Crystal Lake B Ex AW(B) | S29: AR02059805 | T29: Border Collie | U29: Bitch | V29: 41709 | W29: 0 | X29: 0 | Y29: Not applicable | AA29: Yes | AB29: No | AC29: Yes | AD29: Judging Ch C Bitch Sunday. Camping required Friday-Monday please. _x000D_ Steward Sue Garner
A30: Petersfield & District DTS - SATUDAY 31ST MAY AND SUNDAY 1ST JUNE 2025 | B30: 1500 | C30: Kay Allen | E30: Mrs | F30: Kay | G30: Allen | H30: Maxworthy Barn | I30: Maxworthy | J30: Launceston | K30: Devon | L30: PL15 8LZ | M30: United Kingdom | N30: 1566785587 | O30: kay.allen41@gmail.com | P30: Kay Allen | R30: Torlake Temple | S30: BA18655305 | T30: Border Collie | U30: Bitch | V30: 44931 | W30: 0 | X30: 0 | Y30: Not applicable | AA30: Yes | AB30: No | AC30: Yes | AD30: Judging Ch C Bitch Sunday. Camping required Friday-Monday please. _x000D_ Steward Sue Garner
A31: Petersfield & District DTS - SATUDAY 31ST MAY AND SUNDAY 1ST JUNE 2025 | B31: 701 | C31: Tracy Ansell | D31: 11 | E31: Mrs | F31: Tracy | G31: Ansell | H31: 9 Bates close | J31: HIGHAM FERRES | K31: NORTHANTS | L31: NN10 8HF | M31: United Kingdom | N31: 1933353038 | O31: srallebone9@gmail.com | P31: Tracy Ansell | R31: Buskru Go With the Flo | S31: naf | T31: Crossbreed | U31: Bitch | V31: 44890 | W31: 0 | X31: 4 | Y31: Michelle Richmond | Z31: Camping - Friday night,Camping - Saturday night | AA31: Yes | AB31: No | AC31: No
A32: Petersfield & District DTS - SATUDAY 31ST MAY AND SUNDAY 1ST JUNE 2025 | B32: 701 | C32: Tracy Ansell | D32: 13 | E32: Mrs | F32: Tracy | G32: Ansell | H32: 9 Bates close | J32: HIGHAM FERRES | K32: NORTHANTS | L32: NN10 8HF | M32: United Kingdom | N32: 1933353038 | O32: srallebone9@gmail.com | P32: Tracy Ansell | R32: Tazziemin Strike a Pose for Chalkwell | S32: AZ15444205 | T32: Standard Poodle | U32: Bitch | V32: 44754 | W32: 0 | X32: 6 | Y32: Sue Monk | Z32: Camping - Friday night,Camping - Saturday night | AA32: Yes | AB32: No | AC32: No
A33: Petersfield & District DTS - SATUDAY 31ST MAY AND SUNDAY 1ST JUNE 2025 | B33: 701 | C33: Tracy Ansell | D33: 13 | E33: Mrs | F33: Tracy | G33: Ansell | H33: 9 Bates close | J33: HIGHAM FERRES | K33: NORTHANTS | L33: NN10 8HF | M33: United Kingdom | N33: 1933353038 | O33: srallebone9@gmail.com | P33: Tracy Ansell | R33: Tazziemin Strike a Pose for Chalkwell | S33: AZ15444205 | T33: Standard Poodle | U33: Bitch | V33: 44754 | W33: 0 | X33: 5 | Y33: Kathy Case | Z33: Camping - Friday night,Camping - Saturday night | AA33: Yes | AB33: No | AC33: No
A34: Petersfield & District DTS - SATUDAY 31ST MAY AND SUNDAY 1ST JUNE 2025 | B34: 701 | C34: Tracy Ansell | D34: 12 | E34: Mrs | F34: Tracy | G34: Ansell | H34: 9 Bates close | J34: HIGHAM FERRES | K34: NORTHANTS | L34: NN10 8HF | M34: United Kingdom | N34: 1933353038 | O34: srallebone9@gmail.com | P34: Tracy Ansell | R34: Chalkwell Worth a Shot | S34: AU00900601 | T34: Standard Poodle | U34: Dog | V34: 42657 | W34: 0 | X34: 7 | Z34: Camping - Friday night,Camping - Saturday night | AA34: Yes | AB34: No | AC34: No
A35: Petersfield & District DTS - SATUDAY 31ST MAY AND SUNDAY 1ST JUNE 2025 | B35: 701 | C35: Tracy Ansell | D35: 11 | E35: Mrs | F35: Tracy | G35: Ansell | H35: 9 Bates close | J35: HIGHAM FERRES | K35: NORTHANTS | L35: NN10 8HF | M35: United Kingdom | N35: 1933353038 | O35: srallebone9@gmail.com | P35: Tracy Ansell | R35: Buskru Go With the Flo | S35: naf | T35: Crossbreed | U35: Bitch | V35: 44890 | W35: 0 | X35: 13 | Z35: Camping - Friday night,Camping - Saturday night | AA35: Yes | AB35: No | AC35: No
A36: Petersfield & District DTS - SATUDAY 31ST MAY AND SUNDAY 1ST JUNE 2025 | B36: 701 | C36: Tracy Ansell | D36: 13 | E36: Mrs | F36: Tracy | G36: Ansell | H36: 9 Bates close | J36: HIGHAM FERRES | K36: NORTHANTS | L36: NN10 8HF | M36: United Kingdom | N36: 1933353038 | O36: srallebone9@gmail.com | P36: Tracy Ansell | R36: Tazziemin Strike a Pose for Chalkwell | S36: AZ15444205 | T36: Standard Poodle | U36: Bitch | V36: 44754 | W36: 0 | X36: 15 | Z36: Camping - Friday night,Camping - Saturday night | AA36: Yes | AB36: No | AC36: No
A37: Petersfield & District DTS - SATUDAY 31ST MAY AND SUNDAY 1ST JUNE 2025 | B37: 701 | C37: Tracy Ansell | D37: 13 | E37: Mrs | F37: Tracy | G37: Ansell | H37: 9 Bates close | J37: HIGHAM FERRES | K37: NORTHANTS | L37: NN10 8HF | M37: United Kingdom | N37: 1933353038 | O37: srallebone9@gmail.com | P37: Tracy Ansell | R37: Tazziemin Strike a Pose for Chalkwell | S37: AZ15444205 | T37: Standard Poodle | U37: Bitch | V37: 44754 | W37: 0 | X37: 17 | Z37: Camping - Friday night,Camping - Saturday night | AA37: Yes | AB37: No | AC37: No
A38: Petersfield & District DTS - SATUDAY 31ST MAY AND SUNDAY 1ST JUNE 2025 | B38: 701 | C38: Tracy Ansell | D38: 12 | E38: Mrs | F38: Tracy | G38: Ansell | H38: 9 Bates close | J38: HIGHAM FERRES | K38: NORTHANTS | L38: NN10 8HF | M38: United Kingdom | N38: 1933353038 | O38: srallebone9@gmail.com | P38: Tracy Ansell | R38: Chalkwell Worth a Shot | S38: AU00900601 | T38: Standard Poodle | U38: Dog | V38: 42657 | W38: 0 | X38: 20 | Z38: Camping - Friday night,Camping - Saturday night | AA38: Yes | AB38: No | AC38: No
A39: Petersfield & District DTS - SATUDAY 31ST MAY AND SUNDAY 1ST JUNE 2025 | B39: 701 | C39: Tracy Ansell | E39: Mrs | F39: Tracy | G39: Ansell | H39: 9 Bates close | J39: HIGHAM FERRES | K39: NORTHANTS | L39: NN10 8HF | M39: United Kingdom | N39: 1933353038 | O39: srallebone9@gmail.com | P39: Mrs Tracy Ansell | R39: CH Chalkwell Express Yourself | S39: AP01851801 | T39: Standard Poodle | U39: Dog | V39: 41005 | W39: 0 | X39: 0 | Y39: Not applicable | Z39: Camping - Friday night,Camping - Saturday night | AA39: Yes | AB39: No | AC39: No
A40: Petersfield & District DTS - SATUDAY 31ST MAY AND SUNDAY 1ST JUNE 2025 | B40: 701 | C40: Tracy Ansell | E40: Mrs | F40: Tracy | G40: Ansell | H40: 9 Bates close | J40: HIGHAM FERRES | K40: NORTHANTS | L40: NN10 8HF | M40: United Kingdom | N40: 1933353038 | O40: srallebone9@gmail.com | P40: Mrs Tracy Ansell | R40: Somanic pop the cork for Chalkwell | S40: AW02417801 | T40: standard poodle | U40: Bitch | V40: 43595 | W40: 0 | X40: 0 | Y40: Not applicable | Z40: Camping - Friday night,Camping - Saturday night | AA40: Yes | AB40: No | AC40: No
A41: Petersfield & District DTS - SATUDAY 31ST MAY AND SUNDAY 1ST JUNE 2025 | B41: 701 | C41: Tracy Ansell | E41: Mrs | F41: Tracy | G41: Ansell | H41: 9 Bates close | J41: HIGHAM FERRES | K41: NORTHANTS | L41: NN10 8HF | M41: United Kingdom | N41: 1933353038 | O41: srallebone9@gmail.com | P41: Mrs Tracy Ansell | R41: Somanic Wotsit All About at Chalkwell | S41: AR02247801 | T41: Standard Poodle | U41: Bitch | V41: 41773 | W41: 0 | X41: 0 | Y41: Not applicable | Z41: Camping - Friday night,Camping - Saturday night | AA41: Yes | AB41: No | AC41: No
A42: Petersfield & District DTS - SATUDAY 31ST MAY AND SUNDAY 1ST JUNE 2025 | B42: 701 | C42: Tracy Ansell | E42: Mrs | F42: Tracy | G42: Ansell | H42: 9 Bates close | J42: HIGHAM FERRES | K42: NORTHANTS | L42: NN10 8HF | M42: United Kingdom | N42: 1933353038 | O42: srallebone9@gmail.com | P42: Mrs Tracy Ansell | R42: CH Chalkwell Express Yourself | S42: AP01851801 | T42: Standard Poodle | U42: Dog | V42: 41005 | W42: 0 | X42: 0 | Y42: Not applicable | Z42: Camping - Friday night,Camping - Saturday night | AA42: Yes | AB42: No | AC42: No
A43: Petersfield & District DTS - SATUDAY 31ST MAY AND SUNDAY 1ST JUNE 2025 | B43: 701 | C43: Tracy Ansell | E43: Mrs | F43: Tracy | G43: Ansell | H43: 9 Bates close | J43: HIGHAM FERRES | K43: NORTHANTS | L43: NN10 8HF | M43: United Kingdom | N43: 1933353038 | O43: srallebone9@gmail.com | P43: Mrs Tracy Ansell | R43: Somanic pop the cork for Chalkwell | S43: AW02417801 | T43: standard poodle | U43: Bitch | V43: 43595 | W43: 0 | X43: 0 | Y43: Not applicable | Z43: Camping - Friday night,Camping - Saturday night | AA43: Yes | AB43: No | AC43: No
A44: Petersfield & District DTS - SATUDAY 31ST MAY AND SUNDAY 1ST JUNE 2025 | B44: 701 | C44: Tracy Ansell | E44: Mrs | F44: Tracy | G44: Ansell | H44: 9 Bates close | J44: HIGHAM FERRES | K44: NORTHANTS | L44: NN10 8HF | M44: United Kingdom | N44: 1933353038 | O44: srallebone9@gmail.com | P44: Mrs Tracy Ansell | R44: Somanic Wotsit All About at Chalkwell | S44: AR02247801 | T44: Standard Poodle | U44: Bitch | V44: 41773 | W44: 0 | X44: 0 | Y44: Not applicable | Z44: Camping - Friday night,Camping - Saturday night | AA44: Yes | AB44: No | AC44: No
A45: Petersfield & District DTS - SATUDAY 31ST MAY AND SUNDAY 1ST JUNE 2025 | B45: 2342 | C45: Katrina Arnold | D45: 15 | E45: Miss | F45: Katrina | G45: Arnold | H45: 17 Eden Way | J45: Warlingham | K45: Surrey | L45: CR6 9DP | M45: United Kingdom | N45: 7778388879 | O45: katrina.arnold@btinternet.com | P45: Katrina Arnold | R45: Tilemash Just In Time | S45: KO275197 | T45: Working Sheepdog | U45: Dog | V45: 45348 | W45: 0 | X45: 4 | Y45: Michelle Richmond | AA45: Yes | AB45: No | AC45: No
A46: Petersfield & District DTS - SATUDAY 31ST MAY AND SUNDAY 1ST JUNE 2025 | B46: 2342 | C46: Katrina Arnold | D46: 14 | E46: Miss | F46: Katrina | G46: Arnold | H46: 17 Eden Way | J46: Warlingham | K46: Surrey | L46: CR6 9DP | M46: United Kingdom | N46: 7778388879 | O46: katrina.arnold@btinternet.com | P46: Katrina Arnold | R46: DeeAnn Reckless Eric | S46: AV03405102 | T46: Border Collie | U46: Dog | V46: 43302 | W46: 0 | X46: 5 | Y46: Kathy Case | AA46: Yes | AB46: No | AC46: No
A47: Petersfield & District DTS - SATUDAY 31ST MAY AND SUNDAY 1ST JUNE 2025 | B47: 2342 | C47: Katrina Arnold | D47: 14 | E47: Miss | F47: Katrina | G47: Arnold | H47: 17 Eden Way | J47: Warlingham | K47: Surrey | L47: CR6 9DP | M47: United Kingdom | N47: 7778388879 | O47: katrina.arnold@btinternet.com | P47: Katrina Arnold | R47: DeeAnn Reckless Eric | S47: AV03405102 | T47: Border Collie | U47: Dog | V47: 43302 | W47: 0 | X47: 6 | Y47: Sue Monk | AA47: Yes | AB47: No | AC47: No
A48: Petersfield & District DTS - SATUDAY 31ST MAY AND SUNDAY 1ST JUNE 2025 | B48: 2342 | C48: Katrina Arnold | E48: Miss | F48: Katrina | G48: Arnold | H48: 17 Eden Way | J48: Warlingham | K48: Surrey | L48: CR6 9DP | M48: United Kingdom | N48: 7778388879 | O48: katrina.arnold@btinternet.com | P48: Miss K Arnold | R48: DeeAnn Reckless Eric | S48: AV03405102 | T48: Border Collie | U48: Dog | V48: 43302 | W48: 0 | X48: 0 | Y48: Not applicable | AA48: Yes | AB48: No | AC48: No
A49: Petersfield & District DTS - SATUDAY 31ST MAY AND SUNDAY 1ST JUNE 2025 | B49: 2342 | C49: Katrina Arnold | E49: Miss | F49: Katrina | G49: Arnold | H49: 17 Eden Way | J49: Warlingham | K49: Surrey | L49: CR6 9DP | M49: United Kingdom | N49: 7778388879 | O49: katrina.arnold@btinternet.com | P49: Miss K Arnold | R49: Tilemash Just In Time | S49: KO275197 | T49: Working Sheepdog | U49: Dog | V49: 45348 | W49: 0 | X49: 0 | Y49: Not applicable | AA49: Yes | AB49: No | AC49: No
A50: Petersfield & District DTS - SATUDAY 31ST MAY AND SUNDAY 1ST JUNE 2025 | B50: 2162 | C50: Julie Askew | D50: 16 | E50: Miss | F50: Julie | G50: Askew | H50: 10 devizes road Rowde | J50: Devizes | K50: wiltshire | L50: SN10 2LZ | M50: United Kingdom | N50: 1380721236 | O50: ask3w@live.co.uk | P50: Julie Askew | R50: Rainbowsky Majorca Snow | S50: AR04371906 | T50: Golden Retriever | U50: Bitch | V50: 41975 | W50: 0 | X50: 2 | AA50: Yes | AB50: No | AC50: No
A51: Petersfield & District DTS - SATUDAY 31ST MAY AND SUNDAY 1ST JUNE 2025 | B51: 2162 | C51: Julie Askew | D51: 16 | E51: Miss | F51: Julie | G51: Askew | H51: 10 devizes road Rowde | J51: Devizes | K51: wiltshire | L51: SN10 2LZ | M51: United Kingdom | N51: 1380721236 | O51: ask3w@live.co.uk | P51: Julie Askew | R51: Rainbowsky Majorca Snow | S51: AR04371906 | T51: Golden Retriever | U51: Bitch | V51: 41975 | W51: 0 | X51: 3 | AA51: Yes | AB51: No | AC51: No
A52: Petersfield & District DTS - SATUDAY 31ST MAY AND SUNDAY 1ST JUNE 2025 | B52: 1549 | C52: Nicola Barry | E52: Miss | F52: Nicola | G52: Barry | H52: 33 Jubilee Road | I52: Stokenchurch | J52: High Wycombe | K52: Buckinghamshire | L52: HP14 3SH | M52: United Kingdom | N52: 7989311982 | O52: nicolajbarry1@hotmail.com | P52: Nicola Barry | R52: Skybound Little Comet | S52: AS01479705 | T52: Border Collie | U52: Bitch | V52: 42085 | W52: 0 | X52: 0 | Y52: Not applicable | AA52: Yes | AB52: No | AC52: No
A53: Petersfield & District DTS - SATUDAY 31ST MAY AND SUNDAY 1ST JUNE 2025 | B53: 1549 | C53: Nicola Barry | E53: Miss | F53: Nicola | G53: Barry | H53: 33 Jubilee Road | I53: Stokenchurch | J53: High Wycombe | K53: Buckinghamshire | L53: HP14 3SH | M53: United Kingdom | N53: 7989311982 | O53: nicolajbarry1@hotmail.com | P53: Nicola Barry | R53: Tambuzi Wild Guess | S53: BB25049704 | T53: Border Collie | U53: Dog | V53: 45442 | W53: 0 | X53: 0 | Y53: Not applicable | AA53: Yes | AB53: No | AC53: No
A54: Petersfield & District DTS - SATUDAY 31ST MAY AND SUNDAY 1ST JUNE 2025 | B54: 1549 | C54: Nicola Barry | E54: Miss | F54: Nicola | G54: Barry | H54: 33 Jubilee Road | I54: Stokenchurch | J54: High Wycombe | K54: Buckinghamshire | L54: HP14 3SH | M54: United Kingdom | N54: 7989311982 | O54: nicolajbarry1@hotmail.com | P54: Nicola Barry | R54: Skybound Little Comet | S54: AS01479705 | T54: Border Collie | U54: Bitch | V54: 42085 | W54: 0 | X54: 0 | Y54: Not applicable | AA54: Yes | AB54: No | AC54: No
A55: Petersfield & District DTS - SATUDAY 31ST MAY AND SUNDAY 1ST JUNE 2025 | B55: 1549 | C55: Nicola Barry | E55: Miss | F55: Nicola | G55: Barry | H55: 33 Jubilee Road | I55: Stokenchurch | J55: High Wycombe | K55: Buckinghamshire | L55: HP14 3SH | M55: United Kingdom | N55: 7989311982 | O55: nicolajbarry1@hotmail.com | P55: Nicola Barry | R55: Tambuzi Wild Guess | S55: BB25049704 | T55: Border Collie | U55: Dog | V55: 45442 | W55: 0 | X55: 0 | Y55: Not applicable | AA55: Yes | AB55: No | AC55: No
A56: Petersfield & District DTS - SATUDAY 31ST MAY AND SUNDAY 1ST JUNE 2025 | B56: 1384 | C56: kate Bartram | D56: 17 | E56: Mrs | F56: kate | G56: Bartram | H56: Bromptons Cottage | I56: Colne Engaine | J56: Colchester | K56: Essex | L56: CO6 2HN | M56: United Kingdom | N56: 7921452558 | O56: katebartam21@gmail.com | P56: Kate Bartram | R56: Glorioso Rey De Reyes | S56: F5-11065-2023 | T56: BSD | U56: Dog | V56: 44514 | W56: 0 | X56: 4 | Y56: Michelle Richmond | AA56: Yes | AB56: No | AC56: No
A57: Petersfield & District DTS - SATUDAY 31ST MAY AND SUNDAY 1ST JUNE 2025 | B57: 1384 | C57: kate Bartram | D57: 17 | E57: Mrs | F57: kate | G57: Bartram | H57: Bromptons Cottage | I57: Colne Engaine | J57: Colchester | K57: Essex | L57: CO6 2HN | M57: United Kingdom | N57: 7921452558 | O57: katebartam21@gmail.com | P57: Kate Bartram | R57: Glorioso Rey De Reyes | S57: F5-11065-2023 | T57: BSD | U57: Dog | V57: 44514 | W57: 0 | X57: 5 | Y57: Kathy Case | AA57: Yes | AB57: No | AC57: No
A58: Petersfield & District DTS - SATUDAY 31ST MAY AND SUNDAY 1ST JUNE 2025 | B58: 1131 | C58: Donna Bastin | E58: Ms | F58: Donna | G58: Bastin | H58: 9 William Court | I58: Aspley | J58: Hemel Hempstead | K58: Herts | L58: HP3 0AY | M58: United Kingdom | N58: 01442 405387 | O58: donna.bastin@ntlworld.com | P58: Donna Bastin | R58: Landini New Vision Nov Ex | S58: K154303 | T58: Working Sheepdog | U58: Bitch | V58: 42451 | W58: 0 | X58: 0 | Y58: Not applicable | AA58: Yes | AB58: No | AC58: No
A59: Petersfield & District DTS - SATUDAY 31ST MAY AND SUNDAY 1ST JUNE 2025 | B59: 1131 | C59: Donna Bastin | E59: Ms | F59: Donna | G59: Bastin | H59: 9 William Court | I59: Aspley | J59: Hemel Hempstead | K59: Herts | L59: HP3 0AY | M59: United Kingdom | N59: 01442 405387 | O59: donna.bastin@ntlworld.com | P59: Donna Bastin | R59: Landini New Vision Nov Ex | S59: K154303 | T59: Working Sheepdog | U59: Bitch | V59: 42451 | W59: 0 | X59: 0 | Y59: Not applicable | AA59: Yes | AB59: No | AC59: No
A60: Petersfield & District DTS - SATUDAY 31ST MAY AND SUNDAY 1ST JUNE 2025 | B60: 1131 | C60: Donna Bastin | D60: 18 | E60: Ms | F60: Donna | G60: Bastin | H60: 9 William Court | I60: Aspley | J60: Hemel Hempstead | K60: Herts | L60: HP3 0AY | M60: United Kingdom | N60: 01442 405387 | O60: donna.bastin@ntlworld.com | P60: Donna Bastin | R60: Kethinna My John Deere** B EX | S60: AW0903477 | T60: Border Collie | U60: Dog | V60: 43217 | W60: 0 | X60: 6 | Y60: Sue Monk | AA60: Yes | AB60: No | AC60: No
A61: Petersfield & District DTS - SATUDAY 31ST MAY AND SUNDAY 1ST JUNE 2025 | B61: 1131 | C61: Donna Bastin | D61: 18 | E61: Ms | F61: Donna | G61: Bastin | H61: 9 William Court | I61: Aspley | J61: Hemel Hempstead | K61: Herts | L61: HP3 0AY | M61: United Kingdom | N61: 01442 405387 | O61: donna.bastin@ntlworld.com | P61: Donna Bastin | R61: Kethinna My John Deere** B EX | S61: AW0903477 | T61: Border Collie | U61: Dog | V61: 43217 | W61: 0 | X61: 16 | AA61: Yes | AB61: No | AC61: No
A62: Petersfield & District DTS - SATUDAY 31ST MAY AND SUNDAY 1ST JUNE 2025 | B62: 1131 | C62: Donna Bastin | D62: 18 | E62: Ms | F62: Donna | G62: Bastin | H62: 9 William Court | I62: Aspley | J62: Hemel Hempstead | K62: Herts | L62: HP3 0AY | M62: United Kingdom | N62: 01442 405387 | O62: donna.bastin@ntlworld.com | P62: Donna Bastin | R62: Kethinna My John Deere** B EX | S62: AW0903477 | T62: Border Collie | U62: Dog | V62: 43217 | W62: 0 | X62: 18 | AA62: Yes | AB62: No | AC62: No
A63: Petersfield & District DTS - SATUDAY 31ST MAY AND SUNDAY 1ST JUNE 2025 | B63: 892 | C63: Pat Batchelor | D63: 20 | E63: Mrs | F63: Pat | G63: Batchelor | H63: 20 Redland Way | J63: Aylesbury | K63: Bucks | L63: HP21 9RJ | M63: United Kingdom | N63: 7956649566 | O63: patriciaanderson111@gmail.com | P63: Pat Batchelor | R63: Havastorm Dark Materials | S63: AX01751603 | T63: Border Collie | U63: Bitch | V63: 43886 | W63: 0 | X63: 13 | AA63: Yes | AB63: No | AC63: Yes | AD63: Could I please have a running order in Novice with Havastorm Dark Materials. Thanks
A64: Petersfield & District DTS - SATUDAY 31ST MAY AND SUNDAY 1ST JUNE 2025 | B64: 892 | C64: Pat Batchelor | D64: 20 | E64: Mrs | F64: Pat | G64: Batchelor | H64: 20 Redland Way | J64: Aylesbury | K64: Bucks | L64: HP21 9RJ | M64: United Kingdom | N64: 7956649566 | O64: patriciaanderson111@gmail.com | P64: Pat Batchelor | R64: Havastorm Dark Materials | S64: AX01751603 | T64: Border Collie | U64: Bitch | V64: 43886 | W64: 0 | X64: 15 | AA64: Yes | AB64: No | AC64: Yes | AD64: Could I please have a running order in Novice with Havastorm Dark Materials. Thanks
A65: Petersfield & District DTS - SATUDAY 31ST MAY AND SUNDAY 1ST JUNE 2025 | B65: 892 | C65: Pat Batchelor | D65: 19 | E65: Mrs | F65: Pat | G65: Batchelor | H65: 20 Redland Way | J65: Aylesbury | K65: Bucks | L65: HP21 9RJ | M65: United Kingdom | N65: 7956649566 | O65: patriciaanderson111@gmail.com | P65: Pat Batchelor | R65: Darkbeck Osprey | S65: BA18364207 | T65: Border Collie | U65: Bitch | V65: 44869 | W65: 0 | X65: 13 | AA65: Yes | AB65: No | AC65: Yes | AD65: Could I please have a running order in Novice with Havastorm Dark Materials. Thanks
A66: Petersfield & District DTS - SATUDAY 31ST MAY AND SUNDAY 1ST JUNE 2025 | B66: 892 | C66: Pat Batchelor | D66: 19 | E66: Mrs | F66: Pat | G66: Batchelor | H66: 20 Redland Way | J66: Aylesbury | K66: Bucks | L66: HP21 9RJ | M66: United Kingdom | N66: 7956649566 | O66: patriciaanderson111@gmail.com | P66: Pat Batchelor | R66: Darkbeck Osprey | S66: BA18364207 | T66: Border Collie | U66: Bitch | V66: 44869 | W66: 0 | X66: 15 | AA66: Yes | AB66: No | AC66: Yes | AD66: Could I please have a running order in Novice with Havastorm Dark Materials. Thanks
A67: Petersfield & District DTS - SATUDAY 31ST MAY AND SUNDAY 1ST JUNE 2025 | B67: 237 | C67: Janet Bates | D67: 22 | E67: Mrs | F67: Janet | G67: Bates | H67: 15 Brookside Avenue | J67: Ashford | K67: Middlesex | L67: TW15 3NH | M67: United Kingdom | N67: 1784246235 | O67: janbatesaussie4@hotmail.com | P67: Janet Bates | R67: Lamintone For The Joy Ride | S67: BA18299404 | T67: Australian Shepherd | U67: Dog | V67: 44817 | W67: 0 | X67: 4 | Y67: Michelle Richmond | Z67: Camping - Friday night,Camping - Saturday night | AA67: Yes | AB67: No | AC67: No
A68: Petersfield & District DTS - SATUDAY 31ST MAY AND SUNDAY 1ST JUNE 2025 | B68: 237 | C68: Janet Bates | D68: 22 | E68: Mrs | F68: Janet | G68: Bates | H68: 15 Brookside Avenue | J68: Ashford | K68: Middlesex | L68: TW15 3NH | M68: United Kingdom | N68: 1784246235 | O68: janbatesaussie4@hotmail.com | P68: Janet Bates | R68: Lamintone For The Joy Ride | S68: BA18299404 | T68: Australian Shepherd | U68: Dog | V68: 44817 | W68: 0 | X68: 5 | Y68: Kathy Case | Z68: Camping - Friday night,Camping - Saturday night | AA68: Yes | AB68: No | AC68: No
A69: Petersfield & District DTS - SATUDAY 31ST MAY AND SUNDAY 1ST JUNE 2025 | B69: 237 | C69: Janet Bates | E69: Mrs | F69: Janet | G69: Bates | H69: 15 Brookside Avenue | J69: Ashford | K69: Middlesex | L69: TW15 3NH | M69: United Kingdom | N69: 1784246235 | O69: janbatesaussie4@hotmail.com | P69: Owner | R69: Birkcross Here's Gizmo Ow | S69: AV01268706 | T69: Australian Shepherd | U69: Dog | V69: 43008 | W69: 0 | X69: 0 | Y69: Not applicable | Z69: Camping - Friday night,Camping - Saturday night | AA69: Yes | AB69: No | AC69: No
A70: Petersfield & District DTS - SATUDAY 31ST MAY AND SUNDAY 1ST JUNE 2025 | B70: 237 | C70: Janet Bates | E70: Mrs | F70: Janet | G70: Bates | H70: 15 Brookside Avenue | J70: Ashford | K70: Middlesex | L70: TW15 3NH | M70: United Kingdom | N70: 1784246235 | O70: janbatesaussie4@hotmail.com | P70: Owner | R70: Taika star from Texas | S70: K146124 | T70: Australian Shepherd Border Collie Cross | U70: Dog | V70: 41544 | W70: 0 | X70: 0 | Y70: Not applicable | Z70: Camping - Friday night,Camping - Saturday night | AA70: Yes | AB70: No | AC70: No
A71: Petersfield & District DTS - SATUDAY 31ST MAY AND SUNDAY 1ST JUNE 2025 | B71: 237 | C71: Janet Bates | E71: Mrs | F71: Janet | G71: Bates | H71: 15 Brookside Avenue | J71: Ashford | K71: Middlesex | L71: TW15 3NH | M71: United Kingdom | N71: 1784246235 | O71: janbatesaussie4@hotmail.com | P71: Owner | R71: Taika star from Texas | S71: K146124 | T71: Australian Shepherd Border Collie Cross | U71: Dog | V71: 41544 | W71: 0 | X71: 0 | Y71: Not applicable | Z71: Camping - Friday night,Camping - Saturday night | AA71: Yes | AB71: No | AC71: No
A72: Petersfield & District DTS - SATUDAY 31ST MAY AND SUNDAY 1ST JUNE 2025 | B72: 237 | C72: Janet Bates | D72: 21 | E72: Mrs | F72: Janet | G72: Bates | H72: 15 Brookside Avenue | J72: Ashford | K72: Middlesex | L72: TW15 3NH | M72: United Kingdom | N72: 1784246235 | O72: janbatesaussie4@hotmail.com | P72: Janet Bates | R72: Birkcross Here's Gizmo OW | S72: AV01268706 | T72: Australian Shepherd | U72: Dog | V72: 43008 | W72: 0 | X72: 20 | Z72: Camping - Friday night,Camping - Saturday night | AA72: Yes | AB72: No | AC72: No
A73: Petersfield & District DTS - SATUDAY 31ST MAY AND SUNDAY 1ST JUNE 2025 | B73: 237 | C73: Janet Bates | D73: 22 | E73: Mrs | F73: Janet | G73: Bates | H73: 15 Brookside Avenue | J73: Ashford | K73: Middlesex | L73: TW15 3NH | M73: United Kingdom | N73: 1784246235 | O73: janbatesaussie4@hotmail.com | P73: Janet Bates | R73: Lamintone For The Joy Ride | S73: BA18299404 | T73: Australian Shepherd | U73: Dog | V73: 44817 | W73: 0 | X73: 12 | Z73: Camping - Friday night,Camping - Saturday night | AA73: Yes | AB73: No | AC73: No
A74: Petersfield & District DTS - SATUDAY 31ST MAY AND SUNDAY 1ST JUNE 2025 | B74: 681 | C74: Claire Bath | E74: Mrs | F74: Claire | G74: Bath | H74: 33 Fore Street | J74: Westbury | K74: Wiltshire | L74: BA13 3AU | M74: United Kingdom | N74: 7977869117 | O74: indigok9massage@gmail.com | P74: Claire Bath | R74: Lookylooky Rhythm n Booz | S74: K133750 | T74: WSD | U74: Dog | V74: 40238 | W74: 0 | X74: 0 | Y74: Not applicable | AA74: Yes | AB74: No | AC74: No
A75: Petersfield & District DTS - SATUDAY 31ST MAY AND SUNDAY 1ST JUNE 2025 | B75: 681 | C75: Claire Bath | E75: Mrs | F75: Claire | G75: Bath | H75: 33 Fore Street | J75: Westbury | K75: Wiltshire | L75: BA13 3AU | M75: United Kingdom | N75: 7977869117 | O75: indigok9massage@gmail.com | P75: Claire Bath | R75: Stillrockin Back to Rehab | S75: K136979 | T75: WSD | U75: Dog | V75: 40585 | W75: 0 | X75: 0 | Y75: Not applicable | AA75: Yes | AB75: No | AC75: No
A76: Petersfield & District DTS - SATUDAY 31ST MAY AND SUNDAY 1ST JUNE 2025 | B76: 681 | C76: Claire Bath | D76: 23 | E76: Mrs | F76: Claire | G76: Bath | H76: 33 Fore Street | J76: Westbury | K76: Wiltshire | L76: BA13 3AU | M76: United Kingdom | N76: 7977869117 | O76: indigok9massage@gmail.com | P76: Claire Bath | R76: Forever Magic Soul Sister | S76: K0273799 | T76: Working Sheepdog | U76: Bitch | V76: 45257 | W76: 0 | X76: 15 | AA76: Yes | AB76: No | AC76: No
A77: Petersfield & District DTS - SATUDAY 31ST MAY AND SUNDAY 1ST JUNE 2025 | B77: 681 | C77: Claire Bath | D77: 23 | E77: Mrs | F77: Claire | G77: Bath | H77: 33 Fore Street | J77: Westbury | K77: Wiltshire | L77: BA13 3AU | M77: United Kingdom | N77: 7977869117 | O77: indigok9massage@gmail.com | P77: Claire Bath | R77: Forever Magic Soul Sister | S77: K0273799 | T77: Working Sheepdog | U77: Bitch | V77: 45257 | W77: 0 | X77: 17 | AA77: Yes | AB77: No | AC77: No
A78: Petersfield & District DTS - SATUDAY 31ST MAY AND SUNDAY 1ST JUNE 2025 | B78: 681 | C78: Claire Bath | D78: 25 | E78: Mrs | F78: Claire | G78: Bath | H78: 33 Fore Street | J78: Westbury | K78: Wiltshire | L78: BA13 3AU | M78: United Kingdom | N78: 7977869117 | O78: indigok9massage@gmail.com | P78: Claire Bath | R78: Lookylooky Azbo Ego | S78: K162970 | T78: Working Sheepdog | U78: Dog | V78: 43393 | W78: 0 | X78: 16 | AA78: Yes | AB78: No | AC78: No
A79: Petersfield & District DTS - SATUDAY 31ST MAY AND SUNDAY 1ST JUNE 2025 | B79: 681 | C79: Claire Bath | D79: 24 | E79: Mrs | F79: Claire | G79: Bath | H79: 33 Fore Street | J79: Westbury | K79: Wiltshire | L79: BA13 3AU | M79: United Kingdom | N79: 7977869117 | O79: indigok9massage@gmail.com | P79: Claire Bath | R79: Longwaves Tempa Mental OW | S79: K151445 | T79: Working Sheepdog | U79: Bitch | V79: 42069 | W79: 0 | X79: 19 | AA79: Yes | AB79: No | AC79: No
A80: Petersfield & District DTS - SATUDAY 31ST MAY AND SUNDAY 1ST JUNE 2025 | B80: 681 | C80: Claire Bath | D80: 24 | E80: Mrs | F80: Claire | G80: Bath | H80: 33 Fore Street | J80: Westbury | K80: Wiltshire | L80: BA13 3AU | M80: United Kingdom | N80: 7977869117 | O80: indigok9massage@gmail.com | P80: Claire Bath | R80: Longwaves Tempa Mental OW | S80: K151445 | T80: Working Sheepdog | U80: Bitch | V80: 42069 | W80: 0 | X80: 21 | AA80: Yes | AB80: No | AC80: No
A81: Petersfield & District DTS - SATUDAY 31ST MAY AND SUNDAY 1ST JUNE 2025 | B81: 96 | C81: Russell Becque | E81: Mr | F81: Russell | G81: Becque | H81: 74 Lime Grove | I81: Paulsgrove | J81: Portsmouth | K81: Hampshire | L81: PO6 4DQ | M81: United Kingdom | N81: 023 9237 0909 | O81: russell@amcbt.com | P81: Mr Russell Becque | R81: Bounceback Milo | S81: K0262240 | T81: Working Cocker Spaniel | U81: Dog | V81: 43238 | W81: 0 | X81: 0 | Y81: Not applicable | AA81: Yes | AB81: No | AC81: No
A82: Petersfield & District DTS - SATUDAY 31ST MAY AND SUNDAY 1ST JUNE 2025 | B82: 96 | C82: Russell Becque | E82: Mr | F82: Russell | G82: Becque | H82: 74 Lime Grove | I82: Paulsgrove | J82: Portsmouth | K82: Hampshire | L82: PO6 4DQ | M82: United Kingdom | N82: 023 9237 0909 | O82: russell@amcbt.com | P82: Mr Russell Becque | R82: Tazzzman of Blumoon | S82: K141206 | T82: Siberian Husky x G.S.D. | U82: Dog | V82: 40713 | W82: 0 | X82: 0 | Y82: Not applicable | AA82: Yes | AB82: No | AC82: No
A83: Petersfield & District DTS - SATUDAY 31ST MAY AND SUNDAY 1ST JUNE 2025 | B83: 96 | C83: Russell Becque | E83: Mr | F83: Russell | G83: Becque | H83: 74 Lime Grove | I83: Paulsgrove | J83: Portsmouth | K83: Hampshire | L83: PO6 4DQ | M83: United Kingdom | N83: 023 9237 0909 | O83: russell@amcbt.com | P83: Mr Russell Becque | R83: Bounceback Milo | S83: K0262240 | T83: Working Cocker Spaniel | U83: Dog | V83: 43238 | W83: 0 | X83: 0 | Y83: Not applicable | AA83: Yes | AB83: No | AC83: No
A84: Petersfield & District DTS - SATUDAY 31ST MAY AND SUNDAY 1ST JUNE 2025 | B84: 96 | C84: Russell Becque | E84: Mr | F84: Russell | G84: Becque | H84: 74 Lime Grove | I84: Paulsgrove | J84: Portsmouth | K84: Hampshire | L84: PO6 4DQ | M84: United Kingdom | N84: 023 9237 0909 | O84: russell@amcbt.com | P84: Mr Russell Becque | R84: Tazzzman of Blumoon | S84: K141206 | T84: Siberian Husky x G.S.D. | U84: Dog | V84: 40713 | W84: 0 | X84: 0 | Y84: Not applicable | AA84: Yes | AB84: No | AC84: No
A85: Petersfield & District DTS - SATUDAY 31ST MAY AND SUNDAY 1ST JUNE 2025 | B85: 96 | C85: Russell Becque | D85: 26 | E85: Mr | F85: Russell | G85: Becque | H85: 74 Lime Grove | I85: Paulsgrove | J85: Portsmouth | K85: Hampshire | L85: PO6 4DQ | M85: United Kingdom | N85: 023 9237 0909 | O85: russell@amcbt.com | P85: Russell Becque | R85: Haskaheim Sarah | S85: AV04032804 | T85: BSD (Malinois) | U85: Bitch | V85: 43330 | W85: 0 | X85: 7 | AA85: Yes | AB85: No | AC85: No
A86: Petersfield & District DTS - SATUDAY 31ST MAY AND SUNDAY 1ST JUNE 2025 | B86: 96 | C86: Russell Becque | D86: 26 | E86: Mr | F86: Russell | G86: Becque | H86: 74 Lime Grove | I86: Paulsgrove | J86: Portsmouth | K86: Hampshire | L86: PO6 4DQ | M86: United Kingdom | N86: 023 9237 0909 | O86: russell@amcbt.com | P86: Russell Becque | R86: Haskaheim Sarah | S86: AV04032804 | T86: BSD (Malinois) | U86: Bitch | V86: 43330 | W86: 0 | X86: 19 | AA86: Yes | AB86: No | AC86: No
A87: Petersfield & District DTS - SATUDAY 31ST MAY AND SUNDAY 1ST JUNE 2025 | B87: 2370 | C87: Julie Behagg | D87: 27 | E87: Ms | F87: Julie | G87: Behagg | H87: 45 St Clair Close | J87: Oxted | K87: Surrey | L87: RH89JP | M87: United Kingdom | N87: 7941875227 | O87: julie_behagg@hotmail.co.uk | P87: Julie Behagg | R87: Stormlake's Charmer | S87: AY07356803 | T87: GSD | U87: Dog | V87: 44280 | W87: 0 | X87: 6 | Y87: Sue Monk | Z87: Camping - Friday night,Camping - Saturday night | AA87: Yes | AB87: No | AC87: No
A88: Petersfield & District DTS - SATUDAY 31ST MAY AND SUNDAY 1ST JUNE 2025 | B88: 2370 | C88: Julie Behagg | D88: 27 | E88: Ms | F88: Julie | G88: Behagg | H88: 45 St Clair Close | J88: Oxted | K88: Surrey | L88: RH89JP | M88: United Kingdom | N88: 7941875227 | O88: julie_behagg@hotmail.co.uk | P88: Julie Behagg | R88: Stormlake's Charmer | S88: AY07356803 | T88: GSD | U88: Dog | V88: 44280 | W88: 0 | X88: 16 | Z88: Camping - Friday night,Camping - Saturday night | AA88: Yes | AB88: No | AC88: No
A89: Petersfield & District DTS - SATUDAY 31ST MAY AND SUNDAY 1ST JUNE 2025 | B89: 2370 | C89: Julie Behagg | E89: Ms | F89: Julie | G89: Behagg | H89: 45 St Clair Close | J89: Oxted | K89: Surrey | L89: RH89JP | M89: United Kingdom | N89: 7941875227 | O89: julie_behagg@hotmail.co.uk | P89: Mrs Julie Behagg | R89: Stormlake's Quest of KY | S89: BA19708204 | T89: German Shepherd Dog | U89: Dog | V89: 45015 | W89: 0 | X89: 0 | Y89: Not applicable | Z89: Camping - Friday night,Camping - Saturday night | AA89: Yes | AB89: No | AC89: No
A90: Petersfield & District DTS - SATUDAY 31ST MAY AND SUNDAY 1ST JUNE 2025 | B90: 2370 | C90: Julie Behagg | E90: Ms | F90: Julie | G90: Behagg | H90: 45 St Clair Close | J90: Oxted | K90: Surrey | L90: RH89JP | M90: United Kingdom | N90: 7941875227 | O90: julie_behagg@hotmail.co.uk | P90: Mrs Julie Behagg | R90: Stormlake's Quest of KY | S90: BA19708204 | T90: German Shepherd Dog | U90: Dog | V90: 45015 | W90: 0 | X90: 0 | Y90: Not applicable | Z90: Camping - Friday night,Camping - Saturday night | AA90: Yes | AB90: No | AC90: No
A91: Petersfield & District DTS - SATUDAY 31ST MAY AND SUNDAY 1ST JUNE 2025 | B91: 197 | C91: Andrew Biggs | D91: 29 | E91: Mr | F91: Andrew | G91: Biggs | H91: 37 Broadshard Lane | J91: Ringwood | K91: Hampshire | L91: BH24 1RP | M91: United Kingdom | N91: 441425470839 | O91: andrew_biggs@btinternet.com | P91: Andrew Biggs | R91: Reggie Hill Billy | S91: K0261855 | T91: Working Sheepdog | U91: Dog | V91: 44157 | W91: 0 | X91: 11 | AA91: Yes | AB91: No | AC91: No | AE91: Reggie competing in Beginners under rule change._x000D_ Also, need disable parking if available._x000D_ Thanks
A92: Petersfield & District DTS - SATUDAY 31ST MAY AND SUNDAY 1ST JUNE 2025 | B92: 197 | C92: Andrew Biggs | D92: 28 | E92: Mr | F92: Andrew | G92: Biggs | H92: 37 Broadshard Lane | J92: Ringwood | K92: Hampshire | L92: BH24 1RP | M92: United Kingdom | N92: 441425470839 | O92: andrew_biggs@btinternet.com | P92: Andrew Biggs | R92: Jimmy Hill Billy | S92: K159739 | T92: Border Collie | U92: Dog | V92: 42646 | W92: 0 | X92: 12 | AA92: Yes | AB92: No | AC92: No | AE92: Reggie competing in Beginners under rule change._x000D_ Also, need disable parking if available._x000D_ Thanks
A93: Petersfield & District DTS - SATUDAY 31ST MAY AND SUNDAY 1ST JUNE 2025 | B93: 197 | C93: Andrew Biggs | D93: 29 | E93: Mr | F93: Andrew | G93: Biggs | H93: 37 Broadshard Lane | J93: Ringwood | K93: Hampshire | L93: BH24 1RP | M93: United Kingdom | N93: 441425470839 | O93: andrew_biggs@btinternet.com | P93: Andrew Biggs | R93: Reggie Hill Billy | S93: K0261855 | T93: Working Sheepdog | U93: Dog | V93: 44157 | W93: 0 | X93: 12 | AA93: Yes | AB93: No | AC93: No | AE93: Reggie competing in Beginners under rule change._x000D_ Also, need disable parking if available._x000D_ Thanks
A94: Petersfield & District DTS - SATUDAY 31ST MAY AND SUNDAY 1ST JUNE 2025 | B94: 1099 | C94: Wendy Birch | D94: 34 | E94: Mrs | F94: Wendy | G94: Birch | H94: 2 Merrow Drive | I94: Warners End | J94: Hemel Hempstead | K94: Hertfordshire | L94: HP1 2LZ | M94: United Kingdom | N94: 01442 396498 | O94: wendyandian@ntlworld.com | P94: Wendy Birch | R94: Westoning Just Krystie of Greyvalley | S94: K0266802 | T94: Working Sheepdog | U94: Bitch | V94: 44690 | W94: 0 | X94: 13 | AA94: Yes | AB94: No | AC94: No
A95: Petersfield & District DTS - SATUDAY 31ST MAY AND SUNDAY 1ST JUNE 2025 | B95: 1099 | C95: Wendy Birch | D95: 33 | E95: Mrs | F95: Wendy | G95: Birch | H95: 2 Merrow Drive | I95: Warners End | J95: Hemel Hempstead | K95: Hertfordshire | L95: HP1 2LZ | M95: United Kingdom | N95: 01442 396498 | O95: wendyandian@ntlworld.com | P95: Wendy Birch | R95: Goytre Helter Skelter of Greyvalley | S95: AW03773506 | T95: Border Collie | U95: Dog | V95: 43720 | W95: 0 | X95: 16 | AA95: Yes | AB95: No | AC95: No
A96: Petersfield & District DTS - SATUDAY 31ST MAY AND SUNDAY 1ST JUNE 2025 | B96: 1099 | C96: Wendy Birch | D96: 32 | E96: Mrs | F96: Wendy | G96: Birch | H96: 2 Merrow Drive | I96: Warners End | J96: Hemel Hempstead | K96: Hertfordshire | L96: HP1 2LZ | M96: United Kingdom | N96: 01442 396498 | O96: wendyandian@ntlworld.com | P96: Wendy Birch | R96: Coolpawz Just Joey of Greyvalley | S96: AS01113204 | T96: Border Collie | U96: Dog | V96: 42011 | W96: 0 | X96: 18 | AA96: Yes | AB96: No | AC96: No
A97: Petersfield & District DTS - SATUDAY 31ST MAY AND SUNDAY 1ST JUNE 2025 | B97: 1099 | C97: Wendy Birch | D97: 32 | E97: Mrs | F97: Wendy | G97: Birch | H97: 2 Merrow Drive | I97: Warners End | J97: Hemel Hempstead | K97: Hertfordshire | L97: HP1 2LZ | M97: United Kingdom | N97: 01442 396498 | O97: wendyandian@ntlworld.com | P97: Wendy Birch | R97: Coolpawz Just Joey of Greyvalley | S97: AS01113204 | T97: Border Collie | U97: Dog | V97: 42011 | W97: 0 | X97: 20 | AA97: Yes | AB97: No | AC97: No
A98: Petersfield & District DTS - SATUDAY 31ST MAY AND SUNDAY 1ST JUNE 2025 | B98: 2661 | C98: Kylie Birch | D98: 31 | E98: Miss | F98: Kylie | G98: Birch | H98: 24 Leith View | I98: North Holmwood | J98: Dorking | K98: Surrey | L98: RH54TG | M98: United Kingdom | N98: 7918939154 | O98: kjbirch5@gmail.com | P98: Kylie Birch | R98: Ch. Adaluma High Speed | S98: AW00761101 | T98: Australian Cattle Dog | U98: Dog | V98: 43483 | W98: 0 | X98: 12 | AA98: Yes | AB98: No | AC98: No
A99: Petersfield & District DTS - SATUDAY 31ST MAY AND SUNDAY 1ST JUNE 2025 | B99: 2661 | C99: Kylie Birch | D99: 30 | E99: Miss | F99: Kylie | G99: Birch | H99: 24 Leith View | I99: North Holmwood | J99: Dorking | K99: Surrey | L99: RH54TG | M99: United Kingdom | N99: 7918939154 | O99: kjbirch5@gmail.com | P99: Kylie Birch | R99: Adaluma Exe Files | S99: BB23800803 | T99: Australian Cattle Dog | U99: Bitch | V99: 45233 | W99: 0 | X99: 13 | AA99: Yes | AB99: No | AC99: No
A100: Petersfield & District DTS - SATUDAY 31ST MAY AND SUNDAY 1ST JUNE 2025 | B100: 2661 | C100: Kylie Birch | D100: 31 | E100: Miss | F100: Kylie | G100: Birch | H100: 24 Leith View | I100: North Holmwood | J100: Dorking | K100: Surrey | L100: RH54TG | M100: United Kingdom | N100: 7918939154 | O100: kjbirch5@gmail.com | P100: Kylie Birch | R100: Ch. Adaluma High Speed | S100: AW00761101 | T100: Australian Cattle Dog | U100: Dog | V100: 43483 | W100: 0 | X100: 14 | AA100: Yes | AB100: No | AC100: No
...

Sheet Petersfield_&_District_DTS_ (2)
A1: Show name | B1: Owner Id | E1: Owner title | F1: Owner first name | G1: Owner last name | H1: Owner address 1 | I1: Owner address 2 | J1: Owner town | K1: Owner county | L1: Owner postcode | M1: Owner country | N1: Owner phone | O1: Owner email address | P1: Owner registered name | Q1: Vehicle registration | R1: Registered name | S1: Registered number | T1: Breed | U1: Sex | V1: Date of birth | W1: Merit points | X1: Entered classes | Y1: Preferred judge | Z1: Extras | AA1: Confirmed acceptance of declaration | AB1: Withdraw all entries if balloted out of Championship C | AC1: Show address in catalogue | AD1: Notes to organiser
A2: Petersfield & District DTS - SATUDAY 31ST MAY AND SUNDAY 1ST JUNE 2025 | B2: 2670 | C2: =F2&" "&G2 -> Annie Abbott | D2: =VLOOKUP(R2,'Ring numbers'!G:H,2,FALSE) -> 1 | E2: Miss | F2: Annie | G2: Abbott | H2: Foster cottage | J2: Wareham | K2: Dorset | L2: BH20 7DL | M2: United Kingdom | N2: 7934997677 | O2: anico16@hotmail.com | P2: Annie Abbott | R2: Mosquito Meep | S2: F5-13919-2024 | T2: Toy Poodle | U2: Dog | V2: 45309 | W2: 0 | X2: 2 | AA2: Yes | AB2: No | AC2: No
A3: Petersfield & District DTS - SATUDAY 31ST MAY AND SUNDAY 1ST JUNE 2025 | B3: 2670 | C3: Annie Abbott | D3: 2 | E3: Miss | F3: Annie | G3: Abbott | H3: Foster cottage | J3: Wareham | K3: Dorset | L3: BH20 7DL | M3: United Kingdom | N3: 7934997677 | O3: anico16@hotmail.com | P3: Annie Abbott | R3: Ri Coco the Clown | S3: K159116 | T3: Poodle | U3: Dog | V3: 41476 | W3: 0 | X3: 2 | AA3: Yes | AB3: No | AC3: No
A4: Petersfield & District DTS - SATUDAY 31ST MAY AND SUNDAY 1ST JUNE 2025 | B4: 2649 | C4: Susan Abraham | E4: Miss | F4: Susan | G4: Abraham | H4: 5 Camley Close | J4: Southampton | K4: Hampshire | L4: SO19 9GP | M4: United Kingdom | N4: 023 80432000 | O4: sue_abraham56@hotmail.com | P4: Miss S Abraham | R4: KALIAZAR CRUIZE | S4: AQ01895805 | T4: Border Collie | U4: Dog | V4: 41397 | W4: 0 | X4: 0 | Y4: Not applicable | AA4: Yes | AB4: No | AC4: No
A5: Petersfield & District DTS - SATUDAY 31ST MAY AND SUNDAY 1ST JUNE 2025 | B5: 2649 | C5: Susan Abraham | E5: Miss | F5: Susan | G5: Abraham | H5: 5 Camley Close | J5: Southampton | K5: Hampshire | L5: SO19 9GP | M5: United Kingdom | N5: 023 80432000 | O5: sue_abraham56@hotmail.com | P5: Miss S Abraham | R5: TIPPIVALE JIVE MAN | S5: BB27138202 | T5: BORDER COLLIE | U5: Dog | V5: 45630 | W5: 0 | X5: 0 | Y5: Not applicable | AA5: Yes | AB5: No | AC5: No
A6: Petersfield & District DTS - SATUDAY 31ST MAY AND SUNDAY 1ST JUNE 2025 | B6: 2649 | C6: Susan Abraham | D6: 3 | E6: Miss | F6: Susan | G6: Abraham | H6: 5 Camley Close | J6: Southampton | K6: Hampshire | L6: SO19 9GP | M6: United Kingdom | N6: 023 80432000 | O6: sue_abraham56@hotmail.com | P6: Susan Abraham | R6: Kaliazar Eclipse | S6: AV01178206 | T6: Border Collie | U6: Dog | V6: 43157 | W6: 0 | X6: 4 | Y6: Michelle Richmond | AA6: Yes | AB6: No | AC6: No
A7: Petersfield & District DTS - SATUDAY 31ST MAY AND SUNDAY 1ST JUNE 2025 | B7: 2649 | C7: Susan Abraham | D7: 3 | E7: Miss | F7: Susan | G7: Abraham | H7: 5 Camley Close | J7: Southampton | K7: Hampshire | L7: SO19 9GP | M7: United Kingdom | N7: 023 80432000 | O7: sue_abraham56@hotmail.com | P7: Susan Abraham | R7: Kaliazar Eclipse | S7: AV01178206 | T7: Border Collie | U7: Dog | V7: 43157 | W7: 0 | X7: 5 | Y7: Kathy Case | AA7: Yes | AB7: No | AC7: No
A8: Petersfield & District DTS - SATUDAY 31ST MAY AND SUNDAY 1ST JUNE 2025 | B8: 2649 | C8: Susan Abraham | D8: 3 | E8: Miss | F8: Susan | G8: Abraham | H8: 5 Camley Close | J8: Southampton | K8: Hampshire | L8: SO19 9GP | M8: United Kingdom | N8: 023 80432000 | O8: sue_abraham56@hotmail.com | P8: Susan Abraham | R8: Kaliazar Eclipse | S8: AV01178206 | T8: Border Collie | U8: Dog | V8: 43157 | W8: 0 | X8: 12 | AA8: Yes | AB8: No | AC8: No
A9: Petersfield & District DTS - SATUDAY 31ST MAY AND SUNDAY 1ST JUNE 2025 | B9: 2649 | C9: Susan Abraham | D9: 3 | E9: Miss | F9: Susan | G9: Abraham | H9: 5 Camley Close | J9: Southampton | K9: Hampshire | L9: SO19 9GP | M9: United Kingdom | N9: 023 80432000 | O9: sue_abraham56@hotmail.com | P9: Susan Abraham | R9: Kaliazar Eclipse | S9: AV01178206 | T9: Border Collie | U9: Dog | V9: 43157 | W9: 0 | X9: 14 | AA9: Yes | AB9: No | AC9: No
A10: Petersfield & District DTS - SATUDAY 31ST MAY AND SUNDAY 1ST JUNE 2025 | B10: 2999 | C10: Sandra Aburn | E10: Mrs | F10: Sandra | G10: Aburn | H10: 4 Castle Gardens | J10: Dorking | K10: Surrey | L10: RH4 1NY | M10: United Kingdom | N10: 7852469499 | O10: sandra1.bailey@icloud.com | P10: Miss S Bailey | R10: Forevermagic road king | S10: K0273807 | T10: Working sheepdog | U10: Dog | V10: 45263 | W10: 0 | X10: 0 | Y10: Not applicable | AA10: Yes | AB10: No | AC10: No
A11: Petersfield & District DTS - SATUDAY 31ST MAY AND SUNDAY 1ST JUNE 2025 | B11: 2999 | C11: Sandra Aburn | D11: 4 | E11: Mrs | F11: Sandra | G11: Aburn | H11: 4 Castle Gardens | J11: Dorking | K11: Surrey | L11: RH4 1NY | M11: United Kingdom | N11: 7852469499 | O11: sandra1.bailey@icloud.com | P11: Sandra Bailey | R11: Sapphire Inferno Sky | S11: K164665 | T11: Working Sheepdog | U11: Bitch | V11: 43211 | W11: 0 | X11: 5 | Y11: Kathy Case | AA11: Yes | AB11: No | AC11: No
A12: Petersfield & District DTS - SATUDAY 31ST MAY AND SUNDAY 1ST JUNE 2025 | B12: 2999 | C12: Sandra Aburn | D12: 4 | E12: Mrs | F12: Sandra | G12: Aburn | H12: 4 Castle Gardens | J12: Dorking | K12: Surrey | L12: RH4 1NY | M12: United Kingdom | N12: 7852469499 | O12: sandra1.bailey@icloud.com | P12: Sandra Bailey | R12: Sapphire Inferno Sky | S12: K164665 | T12: Working Sheepdog | U12: Bitch | V12: 43211 | W12: 0 | X12: 6 | Y12: Sue Monk | AA12: Yes | AB12: No | AC12: No
A13: Petersfield & District DTS - SATUDAY 31ST MAY AND SUNDAY 1ST JUNE 2025 | B13: 2999 | C13: Sandra Aburn | E13: Mrs | F13: Sandra | G13: Aburn | H13: 4 Castle Gardens | J13: Dorking | K13: Surrey | L13: RH4 1NY | M13: United Kingdom | N13: 7852469499 | O13: sandra1.bailey@icloud.com | P13: Miss S Bailey | R13: Forevermagic road king | S13: K0273807 | T13: Working sheepdog | U13: Dog | V13: 45263 | W13: 0 | X13: 0 | Y13: Not applicable | AA13: Yes | AB13: No | AC13: No
A14: Petersfield & District DTS - SATUDAY 31ST MAY AND SUNDAY 1ST JUNE 2025 | B14: 2999 | C14: Sandra Aburn | D14: 4 | E14: Mrs | F14: Sandra | G14: Aburn | H14: 4 Castle Gardens | J14: Dorking | K14: Surrey | L14: RH4 1NY | M14: United Kingdom | N14: 7852469499 | O14: sandra1.bailey@icloud.com | P14: Sandra Bailey | R14: Sapphire Inferno Sky | S14: K164665 | T14: Working Sheepdog | U14: Bitch | V14: 43211 | W14: 0 | X14: 15 | AA14: Yes | AB14: No | AC14: No
A15: Petersfield & District DTS - SATUDAY 31ST MAY AND SUNDAY 1ST JUNE 2025 | B15: 2999 | C15: Sandra Aburn | D15: 4 | E15: Mrs | F15: Sandra | G15: Aburn | H15: 4 Castle Gardens | J15: Dorking | K15: Surrey | L15: RH4 1NY | M15: United Kingdom | N15: 7852469499 | O15: sandra1.bailey@icloud.com | P15: Sandra Bailey | R15: Sapphire Inferno Sky | S15: K164665 | T15: Working Sheepdog | U15: Bitch | V15: 43211 | W15: 0 | X15: 17 | AA15: Yes | AB15: No | AC15: No
A16: Petersfield & District DTS - SATUDAY 31ST MAY AND SUNDAY 1ST JUNE 2025 | B16: 2387 | C16: Janet Aldridge | D16: 8 | E16: Mrs | F16: Janet | G16: Aldridge | H16: 2 Malabar farm Cottages, Badby Road West | J16: Daventry | K16: Northants | L16: NN114NH | M16: United Kingdom | N16: 447970863728 | O16: johnmalabar@hotmail.com | P16: Janet Aldridge | R16: Malaridge Sappire Sunset | S16: KO271139 | T16: Working Sheepdog | U16: Bitch | V16: 44971 | W16: 0 | X16: 13 | AA16: Yes | AB16: No | AC16: No
A17: Petersfield & District DTS - SATUDAY 31ST MAY AND SUNDAY 1ST JUNE 2025 | B17: 2387 | C17: Janet Aldridge | D17: 9 | E17: Mrs | F17: Janet | G17: Aldridge | H17: 2 Malabar farm Cottages, Badby Road West | J17: Daventry | K17: Northants | L17: NN114NH | M17: United Kingdom | N17: 447970863728 | O17: johnmalabar@hotmail.com | P17: Janet Aldridge | R17: Tigrys Treacle Tart at Malaridge | S17: K0261529 | T17: Working Sheepdog | U17: Bitch | V17: 44058 | W17: 0 | X17: 17 | AA17: Yes | AB17: No | AC17: No
A18: Petersfield & District DTS - SATUDAY 31ST MAY AND SUNDAY 1ST JUNE 2025 | B18: 2387 | C18: Janet Aldridge | D18: 6 | E18: Mrs | F18: Janet | G18: Aldridge | H18: 2 Malabar farm Cottages, Badby Road West | J18: Daventry | K18: Northants | L18: NN114NH | M18: United Kingdom | N18: 447970863728 | O18: johnmalabar@hotmail.com | P18: Janet Aldridge | R18: Malaridge Dark Side of Moon | S18: KO261404 | T18: Working Sheepdog | U18: Dog | V18: 44106 | W18: 0 | X18: 18 | AA18: Yes | AB18: No | AC18: No
A19: Petersfield & District DTS - SATUDAY 31ST MAY AND SUNDAY 1ST JUNE 2025 | B19: 2387 | C19: Janet Aldridge | D19: 5 | E19: Mrs | F19: Janet | G19: Aldridge | H19: 2 Malabar farm Cottages, Badby Road West | J19: Daventry | K19: Northants | L19: NN114NH | M19: United Kingdom | N19: 447970863728 | O19: johnmalabar@hotmail.com | P19: Janet Aldridge | R19: Candlewind Cassanova at Malaridge | S19: AU01669807 | T19: Border Collie | U19: Dog | V19: 42810 | W19: 0 | X19: 18 | AA19: Yes | AB19: No | AC19: No
A20: Petersfield & District DTS - SATUDAY 31ST MAY AND SUNDAY 1ST JUNE 2025 | B20: 2387 | C20: Janet Aldridge | D20: 7 | E20: Mrs | F20: Janet | G20: Aldridge | H20: 2 Malabar farm Cottages, Badby Road West | J20: Daventry | K20: Northants | L20: NN114NH | M20: United Kingdom | N20: 447970863728 | O20: johnmalabar@hotmail.com | P20: Janet Aldridge | R20: Malaridge Poachers Moon | S20: K159039 | T20: Working Sheepdog | U20: Bitch | V20: 42996 | W20: 0 | X20: 19 | AA20: Yes | AB20: No | AC20: No
A21: Petersfield & District DTS - SATUDAY 31ST MAY AND SUNDAY 1ST JUNE 2025 | B21: 1500 | C21: Kay Allen | D21: 10 | E21: Mrs | F21: Kay | G21: Allen | H21: Maxworthy Barn | I21: Maxworthy | J21: Launceston | K21: Devon | L21: PL15 8LZ | M21: United Kingdom | N21: 1566785587 | O21: kay.allen41@gmail.com | P21: Kay Allen | R21: Torlake Red Nov Ex | S21: AW00031601 | T21: Border Collie | U21: Dog | V21: 43422 | W21: 0 | X21: 5 | Y21: Kathy Case | AA21: Yes | AB21: No | AC21: Yes | AE21: Judging Ch C Bitch Sunday. Camping required Friday-Monday please. _x000D_ Steward Sue Garner
A22: Petersfield & District DTS - SATUDAY 31ST MAY AND SUNDAY 1ST JUNE 2025 | B22: 1500 | C22: Kay Allen | E22: Mrs | F22: Kay | G22: Allen | H22: Maxworthy Barn | I22: Maxworthy | J22: Launceston | K22: Devon | L22: PL15 8LZ | M22: United Kingdom | N22: 1566785587 | O22: kay.allen41@gmail.com | P22: Kay Allen | R22: Cories Crystal Lake B Ex AW(B) | S22: AR02059805 | T22: Border Collie | U22: Bitch | V22: 41709 | W22: 0 | X22: 0 | Y22: Not applicable | AA22: Yes | AB22: No | AC22: Yes | AD22: Judging Ch C Bitch Sunday. Camping required Friday-Monday please. _x000D_ Steward Sue Garner
A23: Petersfield & District DTS - SATUDAY 31ST MAY AND SUNDAY 1ST JUNE 2025 | B23: 1500 | C23: Kay Allen | E23: Mrs | F23: Kay | G23: Allen | H23: Maxworthy Barn | I23: Maxworthy | J23: Launceston | K23: Devon | L23: PL15 8LZ | M23: United Kingdom | N23: 1566785587 | O23: kay.allen41@gmail.com | P23: Kay Allen | R23: Torlake Becka | S23: AW00031602 | T23: Border Collie | U23: Bitch | V23: 43422 | W23: 0 | X23: 0 | Y23: Not applicable | AA23: Yes | AB23: No | AC23: Yes | AD23: Judging Ch C Bitch Sunday. Camping required Friday-Monday please. _x000D_ Steward Sue Garner
A24: Petersfield & District DTS - SATUDAY 31ST MAY AND SUNDAY 1ST JUNE 2025 | B24: 1500 | C24: Kay Allen | E24: Mrs | F24: Kay | G24: Allen | H24: Maxworthy Barn | I24: Maxworthy | J24: Launceston | K24: Devon | L24: PL15 8LZ | M24: United Kingdom | N24: 1566785587 | O24: kay.allen41@gmail.com | P24: Kay Allen | R24: Torlake Royal A ex | S24: AU00564401 | T24: Border Collie | U24: Dog | V24: 42744 | W24: 0 | X24: 0 | Y24: Not applicable | AA24: Yes | AB24: No | AC24: Yes | AD24: Judging Ch C Bitch Sunday. Camping required Friday-Monday please. _x000D_ Steward Sue Garner
A25: Petersfield & District DTS - SATUDAY 31ST MAY AND SUNDAY 1ST JUNE 2025 | B25: 1500 | C25: Kay Allen | E25: Mrs | F25: Kay | G25: Allen | H25: Maxworthy Barn | I25: Maxworthy | J25: Launceston | K25: Devon | L25: PL15 8LZ | M25: United Kingdom | N25: 1566785587 | O25: kay.allen41@gmail.com | P25: Kay Allen | R25: Torlake Temple | S25: BA18655305 | T25: Border Collie | U25: Bitch | V25: 44931 | W25: 0 | X25: 0 | Y25: Not applicable | AA25: Yes | AB25: No | AC25: Yes | AD25: Judging Ch C Bitch Sunday. Camping required Friday-Monday please. _x000D_ Steward Sue Garner
A26: Petersfield & District DTS - SATUDAY 31ST MAY AND SUNDAY 1ST JUNE 2025 | B26: 1500 | C26: Kay Allen | E26: Mrs | F26: Kay | G26: Allen | H26: Maxworthy Barn | I26: Maxworthy | J26: Launceston | K26: Devon | L26: PL15 8LZ | M26: United Kingdom | N26: 1566785587 | O26: kay.allen41@gmail.com | P26: Kay Allen | R26: Torlake Becka | S26: AW00031602 | T26: Border Collie | U26: Bitch | V26: 43422 | W26: 0 | X26: 0 | Y26: Not applicable | AA26: Yes | AB26: No | AC26: Yes | AD26: Judging Ch C Bitch Sunday. Camping required Friday-Monday please. _x000D_ Steward Sue Garner
A27: Petersfield & District DTS - SATUDAY 31ST MAY AND SUNDAY 1ST JUNE 2025 | B27: 1500 | C27: Kay Allen | E27: Mrs | F27: Kay | G27: Allen | H27: Maxworthy Barn | I27: Maxworthy | J27: Launceston | K27: Devon | L27: PL15 8LZ | M27: United Kingdom | N27: 1566785587 | O27: kay.allen41@gmail.com | P27: Kay Allen | R27: Torlake Red Nov Ex | S27: AW00031601 | T27: Border Collie | U27: Dog | V27: 43422 | W27: 0 | X27: 0 | Y27: Not applicable | AA27: Yes | AB27: No | AC27: Yes | AD27: Judging Ch C Bitch Sunday. Camping required Friday-Monday please. _x000D_ Steward Sue Garner
A28: Petersfield & District DTS - SATUDAY 31ST MAY AND SUNDAY 1ST JUNE 2025 | B28: 1500 | C28: Kay Allen | E28: Mrs | F28: Kay | G28: Allen | H28: Maxworthy Barn | I28: Maxworthy | J28: Launceston | K28: Devon | L28: PL15 8LZ | M28: United Kingdom | N28: 1566785587 | O28: kay.allen41@gmail.com | P28: Kay Allen | R28: Torlake Royal A ex | S28: AU00564401 | T28: Border Collie | U28: Dog | V28: 42744 | W28: 0 | X28: 0 | Y28: Not applicable | AA28: Yes | AB28: No | AC28: Yes | AD28: Judging Ch C Bitch Sunday. Camping required Friday-Monday please. _x000D_ Steward Sue Garner
A29: Petersfield & District DTS - SATUDAY 31ST MAY AND SUNDAY 1ST JUNE 2025 | B29: 1500 | C29: Kay Allen | E29: Mrs | F29: Kay | G29: Allen | H29: Maxworthy Barn | I29: Maxworthy | J29: Launceston | K29: Devon | L29: PL15 8LZ | M29: United Kingdom | N29: 1566785587 | O29: kay.allen41@gmail.com | P29: Kay Allen | R29: Cories Crystal Lake B Ex AW(B) | S29: AR02059805 | T29: Border Collie | U29: Bitch | V29: 41709 | W29: 0 | X29: 0 | Y29: Not applicable | AA29: Yes | AB29: No | AC29: Yes | AD29: Judging Ch C Bitch Sunday. Camping required Friday-Monday please. _x000D_ Steward Sue Garner
A30: Petersfield & District DTS - SATUDAY 31ST MAY AND SUNDAY 1ST JUNE 2025 | B30: 1500 | C30: Kay Allen | E30: Mrs | F30: Kay | G30: Allen | H30: Maxworthy Barn | I30: Maxworthy | J30: Launceston | K30: Devon | L30: PL15 8LZ | M30: United Kingdom | N30: 1566785587 | O30: kay.allen41@gmail.com | P30: Kay Allen | R30: Torlake Temple | S30: BA18655305 | T30: Border Collie | U30: Bitch | V30: 44931 | W30: 0 | X30: 0 | Y30: Not applicable | AA30: Yes | AB30: No | AC30: Yes | AD30: Judging Ch C Bitch Sunday. Camping required Friday-Monday please. _x000D_ Steward Sue Garner
A31: Petersfield & District DTS - SATUDAY 31ST MAY AND SUNDAY 1ST JUNE 2025 | B31: 701 | C31: Tracy Ansell | D31: 11 | E31: Mrs | F31: Tracy | G31: Ansell | H31: 9 Bates close | J31: HIGHAM FERRES | K31: NORTHANTS | L31: NN10 8HF | M31: United Kingdom | N31: 1933353038 | O31: srallebone9@gmail.com | P31: Tracy Ansell | R31: Buskru Go With the Flo | S31: naf | T31: Crossbreed | U31: Bitch | V31: 44890 | W31: 0 | X31: 4 | Y31: Michelle Richmond | Z31: Camping - Friday night,Camping - Saturday night | AA31: Yes | AB31: No | AC31: No
A32: Petersfield & District DTS - SATUDAY 31ST MAY AND SUNDAY 1ST JUNE 2025 | B32: 701 | C32: Tracy Ansell | D32: 13 | E32: Mrs | F32: Tracy | G32: Ansell | H32: 9 Bates close | J32: HIGHAM FERRES | K32: NORTHANTS | L32: NN10 8HF | M32: United Kingdom | N32: 1933353038 | O32: srallebone9@gmail.com | P32: Tracy Ansell | R32: Tazziemin Strike a Pose for Chalkwell | S32: AZ15444205 | T32: Standard Poodle | U32: Bitch | V32: 44754 | W32: 0 | X32: 6 | Y32: Sue Monk | Z32: Camping - Friday night,Camping - Saturday night | AA32: Yes | AB32: No | AC32: No
A33: Petersfield & District DTS - SATUDAY 31ST MAY AND SUNDAY 1ST JUNE 2025 | B33: 701 | C33: Tracy Ansell | D33: 13 | E33: Mrs | F33: Tracy | G33: Ansell | H33: 9 Bates close | J33: HIGHAM FERRES | K33: NORTHANTS | L33: NN10 8HF | M33: United Kingdom | N33: 1933353038 | O33: srallebone9@gmail.com | P33: Tracy Ansell | R33: Tazziemin Strike a Pose for Chalkwell | S33: AZ15444205 | T33: Standard Poodle | U33: Bitch | V33: 44754 | W33: 0 | X33: 5 | Y33: Kathy Case | Z33: Camping - Friday night,Camping - Saturday night | AA33: Yes | AB33: No | AC33: No
A34: Petersfield & District DTS - SATUDAY 31ST MAY AND SUNDAY 1ST JUNE 2025 | B34: 701 | C34: Tracy Ansell | D34: 12 | E34: Mrs | F34: Tracy | G34: Ansell | H34: 9 Bates close | J34: HIGHAM FERRES | K34: NORTHANTS | L34: NN10 8HF | M34: United Kingdom | N34: 1933353038 | O34: srallebone9@gmail.com | P34: Tracy Ansell | R34: Chalkwell Worth a Shot | S34: AU00900601 | T34: Standard Poodle | U34: Dog | V34: 42657 | W34: 0 | X34: 7 | Z34: Camping - Friday night,Camping - Saturday night | AA34: Yes | AB34: No | AC34: No
A35: Petersfield & District DTS - SATUDAY 31ST MAY AND SUNDAY 1ST JUNE 2025 | B35: 701 | C35: Tracy Ansell | D35: 11 | E35: Mrs | F35: Tracy | G35: Ansell | H35: 9 Bates close | J35: HIGHAM FERRES | K35: NORTHANTS | L35: NN10 8HF | M35: United Kingdom | N35: 1933353038 | O35: srallebone9@gmail.com | P35: Tracy Ansell | R35: Buskru Go With the Flo | S35: naf | T35: Crossbreed | U35: Bitch | V35: 44890 | W35: 0 | X35: 13 | Z35: Camping - Friday night,Camping - Saturday night | AA35: Yes | AB35: No | AC35: No
A36: Petersfield & District DTS - SATUDAY 31ST MAY AND SUNDAY 1ST JUNE 2025 | B36: 701 | C36: Tracy Ansell | D36: 13 | E36: Mrs | F36: Tracy | G36: Ansell | H36: 9 Bates close | J36: HIGHAM FERRES | K36: NORTHANTS | L36: NN10 8HF | M36: United Kingdom | N36: 1933353038 | O36: srallebone9@gmail.com | P36: Tracy Ansell | R36: Tazziemin Strike a Pose for Chalkwell | S36: AZ15444205 | T36: Standard Poodle | U36: Bitch | V36: 44754 | W36: 0 | X36: 15 | Z36: Camping - Friday night,Camping - Saturday night | AA36: Yes | AB36: No | AC36: No
A37: Petersfield & District DTS - SATUDAY 31ST MAY AND SUNDAY 1ST JUNE 2025 | B37: 701 | C37: Tracy Ansell | D37: 13 | E37: Mrs | F37: Tracy | G37: Ansell | H37: 9 Bates close | J37: HIGHAM FERRES | K37: NORTHANTS | L37: NN10 8HF | M37: United Kingdom | N37: 1933353038 | O37: srallebone9@gmail.com | P37: Tracy Ansell | R37: Tazziemin Strike a Pose for Chalkwell | S37: AZ15444205 | T37: Standard Poodle | U37: Bitch | V37: 44754 | W37: 0 | X37: 17 | Z37: Camping - Friday night,Camping - Saturday night | AA37: Yes | AB37: No | AC37: No
A38: Petersfield & District DTS - SATUDAY 31ST MAY AND SUNDAY 1ST JUNE 2025 | B38: 701 | C38: Tracy Ansell | D38: 12 | E38: Mrs | F38: Tracy | G38: Ansell | H38: 9 Bates close | J38: HIGHAM FERRES | K38: NORTHANTS | L38: NN10 8HF | M38: United Kingdom | N38: 1933353038 | O38: srallebone9@gmail.com | P38: Tracy Ansell | R38: Chalkwell Worth a Shot | S38: AU00900601 | T38: Standard Poodle | U38: Dog | V38: 42657 | W38: 0 | X38: 20 | Z38: Camping - Friday night,Camping - Saturday night | AA38: Yes | AB38: No | AC38: No
A39: Petersfield & District DTS - SATUDAY 31ST MAY AND SUNDAY 1ST JUNE 2025 | B39: 701 | C39: Tracy Ansell | E39: Mrs | F39: Tracy | G39: Ansell | H39: 9 Bates close | J39: HIGHAM FERRES | K39: NORTHANTS | L39: NN10 8HF | M39: United Kingdom | N39: 1933353038 | O39: srallebone9@gmail.com | P39: Mrs Tracy Ansell | R39: CH Chalkwell Express Yourself | S39: AP01851801 | T39: Standard Poodle | U39: Dog | V39: 41005 | W39: 0 | X39: 0 | Y39: Not applicable | Z39: Camping - Friday night,Camping - Saturday night | AA39: Yes | AB39: No | AC39: No
A40: Petersfield & District DTS - SATUDAY 31ST MAY AND SUNDAY 1ST JUNE 2025 | B40: 701 | C40: Tracy Ansell | E40: Mrs | F40: Tracy | G40: Ansell | H40: 9 Bates close | J40: HIGHAM FERRES | K40: NORTHANTS | L40: NN10 8HF | M40: United Kingdom | N40: 1933353038 | O40: srallebone9@gmail.com | P40: Mrs Tracy Ansell | R40: Somanic pop the cork for Chalkwell | S40: AW02417801 | T40: standard poodle | U40: Bitch | V40: 43595 | W40: 0 | X40: 0 | Y40: Not applicable | Z40: Camping - Friday night,Camping - Saturday night | AA40: Yes | AB40: No | AC40: No
A41: Petersfield & District DTS - SATUDAY 31ST MAY AND SUNDAY 1ST JUNE 2025 | B41: 701 | C41: Tracy Ansell | E41: Mrs | F41: Tracy | G41: Ansell | H41: 9 Bates close | J41: HIGHAM FERRES | K41: NORTHANTS | L41: NN10 8HF | M41: United Kingdom | N41: 1933353038 | O41: srallebone9@gmail.com | P41: Mrs Tracy Ansell | R41: Somanic Wotsit All About at Chalkwell | S41: AR02247801 | T41: Standard Poodle | U41: Bitch | V41: 41773 | W41: 0 | X41: 0 | Y41: Not applicable | Z41: Camping - Friday night,Camping - Saturday night | AA41: Yes | AB41: No | AC41: No
A42: Petersfield & District DTS - SATUDAY 31ST MAY AND SUNDAY 1ST JUNE 2025 | B42: 701 | C42: Tracy Ansell | E42: Mrs | F42: Tracy | G42: Ansell | H42: 9 Bates close | J42: HIGHAM FERRES | K42: NORTHANTS | L42: NN10 8HF | M42: United Kingdom | N42: 1933353038 | O42: srallebone9@gmail.com | P42: Mrs Tracy Ansell | R42: CH Chalkwell Express Yourself | S42: AP01851801 | T42: Standard Poodle | U42: Dog | V42: 41005 | W42: 0 | X42: 0 | Y42: Not applicable | Z42: Camping - Friday night,Camping - Saturday night | AA42: Yes | AB42: No | AC42: No
A43: Petersfield & District DTS - SATUDAY 31ST MAY AND SUNDAY 1ST JUNE 2025 | B43: 701 | C43: Tracy Ansell | E43: Mrs | F43: Tracy | G43: Ansell | H43: 9 Bates close | J43: HIGHAM FERRES | K43: NORTHANTS | L43: NN10 8HF | M43: United Kingdom | N43: 1933353038 | O43: srallebone9@gmail.com | P43: Mrs Tracy Ansell | R43: Somanic pop the cork for Chalkwell | S43: AW02417801 | T43: standard poodle | U43: Bitch | V43: 43595 | W43: 0 | X43: 0 | Y43: Not applicable | Z43: Camping - Friday night,Camping - Saturday night | AA43: Yes | AB43: No | AC43: No
A44: Petersfield & District DTS - SATUDAY 31ST MAY AND SUNDAY 1ST JUNE 2025 | B44: 701 | C44: Tracy Ansell | E44: Mrs | F44: Tracy | G44: Ansell | H44: 9 Bates close | J44: HIGHAM FERRES | K44: NORTHANTS | L44: NN10 8HF | M44: United Kingdom | N44: 1933353038 | O44: srallebone9@gmail.com | P44: Mrs Tracy Ansell | R44: Somanic Wotsit All About at Chalkwell | S44: AR02247801 | T44: Standard Poodle | U44: Bitch | V44: 41773 | W44: 0 | X44: 0 | Y44: Not applicable | Z44: Camping - Friday night,Camping - Saturday night | AA44: Yes | AB44: No | AC44: No
A45: Petersfield & District DTS - SATUDAY 31ST MAY AND SUNDAY 1ST JUNE 2025 | B45: 2342 | C45: Katrina Arnold | D45: 15 | E45: Miss | F45: Katrina | G45: Arnold | H45: 17 Eden Way | J45: Warlingham | K45: Surrey | L45: CR6 9DP | M45: United Kingdom | N45: 7778388879 | O45: katrina.arnold@btinternet.com | P45: Katrina Arnold | R45: Tilemash Just In Time | S45: KO275197 | T45: Working Sheepdog | U45: Dog | V45: 45348 | W45: 0 | X45: 4 | Y45: Michelle Richmond | AA45: Yes | AB45: No | AC45: No
A46: Petersfield & District DTS - SATUDAY 31ST MAY AND SUNDAY 1ST JUNE 2025 | B46: 2342 | C46: Katrina Arnold | D46: 14 | E46: Miss | F46: Katrina | G46: Arnold | H46: 17 Eden Way | J46: Warlingham | K46: Surrey | L46: CR6 9DP | M46: United Kingdom | N46: 7778388879 | O46: katrina.arnold@btinternet.com | P46: Katrina Arnold | R46: DeeAnn Reckless Eric | S46: AV03405102 | T46: Border Collie | U46: Dog | V46: 43302 | W46: 0 | X46: 5 | Y46: Kathy Case | AA46: Yes | AB46: No | AC46: No
A47: Petersfield & District DTS - SATUDAY 31ST MAY AND SUNDAY 1ST JUNE 2025 | B47: 2342 | C47: Katrina Arnold | D47: 14 | E47: Miss | F47: Katrina | G47: Arnold | H47: 17 Eden Way | J47: Warlingham | K47: Surrey | L47: CR6 9DP | M47: United Kingdom | N47: 7778388879 | O47: katrina.arnold@btinternet.com | P47: Katrina Arnold | R47: DeeAnn Reckless Eric | S47: AV03405102 | T47: Border Collie | U47: Dog | V47: 43302 | W47: 0 | X47: 6 | Y47: Sue Monk | AA47: Yes | AB47: No | AC47: No
A48: Petersfield & District DTS - SATUDAY 31ST MAY AND SUNDAY 1ST JUNE 2025 | B48: 2342 | C48: Katrina Arnold | E48: Miss | F48: Katrina | G48: Arnold | H48: 17 Eden Way | J48: Warlingham | K48: Surrey | L48: CR6 9DP | M48: United Kingdom | N48: 7778388879 | O48: katrina.arnold@btinternet.com | P48: Miss K Arnold | R48: DeeAnn Reckless Eric | S48: AV03405102 | T48: Border Collie | U48: Dog | V48: 43302 | W48: 0 | X48: 0 | Y48: Not applicable | AA48: Yes | AB48: No | AC48: No
A49: Petersfield & District DTS - SATUDAY 31ST MAY AND SUNDAY 1ST JUNE 2025 | B49: 2342 | C49: Katrina Arnold | E49: Miss | F49: Katrina | G49: Arnold | H49: 17 Eden Way | J49: Warlingham | K49: Surrey | L49: CR6 9DP | M49: United Kingdom | N49: 7778388879 | O49: katrina.arnold@btinternet.com | P49: Miss K Arnold | R49: Tilemash Just In Time | S49: KO275197 | T49: Working Sheepdog | U49: Dog | V49: 45348 | W49: 0 | X49: 0 | Y49: Not applicable | AA49: Yes | AB49: No | AC49: No
A50: Petersfield & District DTS - SATUDAY 31ST MAY AND SUNDAY 1ST JUNE 2025 | B50: 2162 | C50: Julie Askew | D50: 16 | E50: Miss | F50: Julie | G50: Askew | H50: 10 devizes road Rowde | J50: Devizes | K50: wiltshire | L50: SN10 2LZ | M50: United Kingdom | N50: 1380721236 | O50: ask3w@live.co.uk | P50: Julie Askew | R50: Rainbowsky Majorca Snow | S50: AR04371906 | T50: Golden Retriever | U50: Bitch | V50: 41975 | W50: 0 | X50: 2 | AA50: Yes | AB50: No | AC50: No
A51: Petersfield & District DTS - SATUDAY 31ST MAY AND SUNDAY 1ST JUNE 2025 | B51: 2162 | C51: Julie Askew | D51: 16 | E51: Miss | F51: Julie | G51: Askew | H51: 10 devizes road Rowde | J51: Devizes | K51: wiltshire | L51: SN10 2LZ | M51: United Kingdom | N51: 1380721236 | O51: ask3w@live.co.uk | P51: Julie Askew | R51: Rainbowsky Majorca Snow | S51: AR04371906 | T51: Golden Retriever | U51: Bitch | V51: 41975 | W51: 0 | X51: 3 | AA51: Yes | AB51: No | AC51: No
A52: Petersfield & District DTS - SATUDAY 31ST MAY AND SUNDAY 1ST JUNE 2025 | B52: 1549 | C52: Nicola Barry | E52: Miss | F52: Nicola | G52: Barry | H52: 33 Jubilee Road | I52: Stokenchurch | J52: High Wycombe | K52: Buckinghamshire | L52: HP14 3SH | M52: United Kingdom | N52: 7989311982 | O52: nicolajbarry1@hotmail.com | P52: Nicola Barry | R52: Skybound Little Comet | S52: AS01479705 | T52: Border Collie | U52: Bitch | V52: 42085 | W52: 0 | X52: 0 | Y52: Not applicable | AA52: Yes | AB52: No | AC52: No
A53: Petersfield & District DTS - SATUDAY 31ST MAY AND SUNDAY 1ST JUNE 2025 | B53: 1549 | C53: Nicola Barry | E53: Miss | F53: Nicola | G53: Barry | H53: 33 Jubilee Road | I53: Stokenchurch | J53: High Wycombe | K53: Buckinghamshire | L53: HP14 3SH | M53: United Kingdom | N53: 7989311982 | O53: nicolajbarry1@hotmail.com | P53: Nicola Barry | R53: Tambuzi Wild Guess | S53: BB25049704 | T53: Border Collie | U53: Dog | V53: 45442 | W53: 0 | X53: 0 | Y53: Not applicable | AA53: Yes | AB53: No | AC53: No
A54: Petersfield & District DTS - SATUDAY 31ST MAY AND SUNDAY 1ST JUNE 2025 | B54: 1549 | C54: Nicola Barry | E54: Miss | F54: Nicola | G54: Barry | H54: 33 Jubilee Road | I54: Stokenchurch | J54: High Wycombe | K54: Buckinghamshire | L54: HP14 3SH | M54: United Kingdom | N54: 7989311982 | O54: nicolajbarry1@hotmail.com | P54: Nicola Barry | R54: Skybound Little Comet | S54: AS01479705 | T54: Border Collie | U54: Bitch | V54: 42085 | W54: 0 | X54: 0 | Y54: Not applicable | AA54: Yes | AB54: No | AC54: No
A55: Petersfield & District DTS - SATUDAY 31ST MAY AND SUNDAY 1ST JUNE 2025 | B55: 1549 | C55: Nicola Barry | E55: Miss | F55: Nicola | G55: Barry | H55: 33 Jubilee Road | I55: Stokenchurch | J55: High Wycombe | K55: Buckinghamshire | L55: HP14 3SH | M55: United Kingdom | N55: 7989311982 | O55: nicolajbarry1@hotmail.com | P55: Nicola Barry | R55: Tambuzi Wild Guess | S55: BB25049704 | T55: Border Collie | U55: Dog | V55: 45442 | W55: 0 | X55: 0 | Y55: Not applicable | AA55: Yes | AB55: No | AC55: No
A56: Petersfield & District DTS - SATUDAY 31ST MAY AND SUNDAY 1ST JUNE 2025 | B56: 1384 | C56: kate Bartram | D56: 17 | E56: Mrs | F56: kate | G56: Bartram | H56: Bromptons Cottage | I56: Colne Engaine | J56: Colchester | K56: Essex | L56: CO6 2HN | M56: United Kingdom | N56: 7921452558 | O56: katebartam21@gmail.com | P56: Kate Bartram | R56: Glorioso Rey De Reyes | S56: F5-11065-2023 | T56: BSD | U56: Dog | V56: 44514 | W56: 0 | X56: 4 | Y56: Michelle Richmond | AA56: Yes | AB56: No | AC56: No
A57: Petersfield & District DTS - SATUDAY 31ST MAY AND SUNDAY 1ST JUNE 2025 | B57: 1384 | C57: kate Bartram | D57: 17 | E57: Mrs | F57: kate | G57: Bartram | H57: Bromptons Cottage | I57: Colne Engaine | J57: Colchester | K57: Essex | L57: CO6 2HN | M57: United Kingdom | N57: 7921452558 | O57: katebartam21@gmail.com | P57: Kate Bartram | R57: Glorioso Rey De Reyes | S57: F5-11065-2023 | T57: BSD | U57: Dog | V57: 44514 | W57: 0 | X57: 5 | Y57: Kathy Case | AA57: Yes | AB57: No | AC57: No
A58: Petersfield & District DTS - SATUDAY 31ST MAY AND SUNDAY 1ST JUNE 2025 | B58: 1131 | C58: Donna Bastin | E58: Ms | F58: Donna | G58: Bastin | H58: 9 William Court | I58: Aspley | J58: Hemel Hempstead | K58: Herts | L58: HP3 0AY | M58: United Kingdom | N58: 01442 405387 | O58: donna.bastin@ntlworld.com | P58: Donna Bastin | R58: Landini New Vision Nov Ex | S58: K154303 | T58: Working Sheepdog | U58: Bitch | V58: 42451 | W58: 0 | X58: 0 | Y58: Not applicable | AA58: Yes | AB58: No | AC58: No
A59: Petersfield & District DTS - SATUDAY 31ST MAY AND SUNDAY 1ST JUNE 2025 | B59: 1131 | C59: Donna Bastin | E59: Ms | F59: Donna | G59: Bastin | H59: 9 William Court | I59: Aspley | J59: Hemel Hempstead | K59: Herts | L59: HP3 0AY | M59: United Kingdom | N59: 01442 405387 | O59: donna.bastin@ntlworld.com | P59: Donna Bastin | R59: Landini New Vision Nov Ex | S59: K154303 | T59: Working Sheepdog | U59: Bitch | V59: 42451 | W59: 0 | X59: 0 | Y59: Not applicable | AA59: Yes | AB59: No | AC59: No
A60: Petersfield & District DTS - SATUDAY 31ST MAY AND SUNDAY 1ST JUNE 2025 | B60: 1131 | C60: Donna Bastin | D60: 18 | E60: Ms | F60: Donna | G60: Bastin | H60: 9 William Court | I60: Aspley | J60: Hemel Hempstead | K60: Herts | L60: HP3 0AY | M60: United Kingdom | N60: 01442 405387 | O60: donna.bastin@ntlworld.com | P60: Donna Bastin | R60: Kethinna My John Deere** B EX | S60: AW0903477 | T60: Border Collie | U60: Dog | V60: 43217 | W60: 0 | X60: 6 | Y60: Sue Monk | AA60: Yes | AB60: No | AC60: No
A61: Petersfield & District DTS - SATUDAY 31ST MAY AND SUNDAY 1ST JUNE 2025 | B61: 1131 | C61: Donna Bastin | D61: 18 | E61: Ms | F61: Donna | G61: Bastin | H61: 9 William Court | I61: Aspley | J61: Hemel Hempstead | K61: Herts | L61: HP3 0AY | M61: United Kingdom | N61: 01442 405387 | O61: donna.bastin@ntlworld.com | P61: Donna Bastin | R61: Kethinna My John Deere** B EX | S61: AW0903477 | T61: Border Collie | U61: Dog | V61: 43217 | W61: 0 | X61: 16 | AA61: Yes | AB61: No | AC61: No
A62: Petersfield & District DTS - SATUDAY 31ST MAY AND SUNDAY 1ST JUNE 2025 | B62: 1131 | C62: Donna Bastin | D62: 18 | E62: Ms | F62: Donna | G62: Bastin | H62: 9 William Court | I62: Aspley | J62: Hemel Hempstead | K62: Herts | L62: HP3 0AY | M62: United Kingdom | N62: 01442 405387 | O62: donna.bastin@ntlworld.com | P62: Donna Bastin | R62: Kethinna My John Deere** B EX | S62: AW0903477 | T62: Border Collie | U62: Dog | V62: 43217 | W62: 0 | X62: 18 | AA62: Yes | AB62: No | AC62: No
A63: Petersfield & District DTS - SATUDAY 31ST MAY AND SUNDAY 1ST JUNE 2025 | B63: 892 | C63: Pat Batchelor | D63: 20 | E63: Mrs | F63: Pat | G63: Batchelor | H63: 20 Redland Way | J63: Aylesbury | K63: Bucks | L63: HP21 9RJ | M63: United Kingdom | N63: 7956649566 | O63: patriciaanderson111@gmail.com | P63: Pat Batchelor | R63: Havastorm Dark Materials | S63: AX01751603 | T63: Border Collie | U63: Bitch | V63: 43886 | W63: 0 | X63: 13 | AA63: Yes | AB63: No | AC63: Yes | AD63: Could I please have a running order in Novice with Havastorm Dark Materials. Thanks
A64: Petersfield & District DTS - SATUDAY 31ST MAY AND SUNDAY 1ST JUNE 2025 | B64: 892 | C64: Pat Batchelor | D64: 20 | E64: Mrs | F64: Pat | G64: Batchelor | H64: 20 Redland Way | J64: Aylesbury | K64: Bucks | L64: HP21 9RJ | M64: United Kingdom | N64: 7956649566 | O64: patriciaanderson111@gmail.com | P64: Pat Batchelor | R64: Havastorm Dark Materials | S64: AX01751603 | T64: Border Collie | U64: Bitch | V64: 43886 | W64: 0 | X64: 15 | AA64: Yes | AB64: No | AC64: Yes | AD64: Could I please have a running order in Novice with Havastorm Dark Materials. Thanks
A65: Petersfield & District DTS - SATUDAY 31ST MAY AND SUNDAY 1ST JUNE 2025 | B65: 892 | C65: Pat Batchelor | D65: 19 | E65: Mrs | F65: Pat | G65: Batchelor | H65: 20 Redland Way | J65: Aylesbury | K65: Bucks | L65: HP21 9RJ | M65: United Kingdom | N65: 7956649566 | O65: patriciaanderson111@gmail.com | P65: Pat Batchelor | R65: Darkbeck Osprey | S65: BA18364207 | T65: Border Collie | U65: Bitch | V65: 44869 | W65: 0 | X65: 13 | AA65: Yes | AB65: No | AC65: Yes | AD65: Could I please have a running order in Novice with Havastorm Dark Materials. Thanks
A66: Petersfield & District DTS - SATUDAY 31ST MAY AND SUNDAY 1ST JUNE 2025 | B66: 892 | C66: Pat Batchelor | D66: 19 | E66: Mrs | F66: Pat | G66: Batchelor | H66: 20 Redland Way | J66: Aylesbury | K66: Bucks | L66: HP21 9RJ | M66: United Kingdom | N66: 7956649566 | O66: patriciaanderson111@gmail.com | P66: Pat Batchelor | R66: Darkbeck Osprey | S66: BA18364207 | T66: Border Collie | U66: Bitch | V66: 44869 | W66: 0 | X66: 15 | AA66: Yes | AB66: No | AC66: Yes | AD66: Could I please have a running order in Novice with Havastorm Dark Materials. Thanks
A67: Petersfield & District DTS - SATUDAY 31ST MAY AND SUNDAY 1ST JUNE 2025 | B67: 237 | C67: Janet Bates | D67: 22 | E67: Mrs | F67: Janet | G67: Bates | H67: 15 Brookside Avenue | J67: Ashford | K67: Middlesex | L67: TW15 3NH | M67: United Kingdom | N67: 1784246235 | O67: janbatesaussie4@hotmail.com | P67: Janet Bates | R67: Lamintone For The Joy Ride | S67: BA18299404 | T67: Australian Shepherd | U67: Dog | V67: 44817 | W67: 0 | X67: 4 | Y67: Michelle Richmond | Z67: Camping - Friday night,Camping - Saturday night | AA67: Yes | AB67: No | AC67: No
A68: Petersfield & District DTS - SATUDAY 31ST MAY AND SUNDAY 1ST JUNE 2025 | B68: 237 | C68: Janet Bates | D68: 22 | E68: Mrs | F68: Janet | G68: Bates | H68: 15 Brookside Avenue | J68: Ashford | K68: Middlesex | L68: TW15 3NH | M68: United Kingdom | N68: 1784246235 | O68: janbatesaussie4@hotmail.com | P68: Janet Bates | R68: Lamintone For The Joy Ride | S68: BA18299404 | T68: Australian Shepherd | U68: Dog | V68: 44817 | W68: 0 | X68: 5 | Y68: Kathy Case | Z68: Camping - Friday night,Camping - Saturday night | AA68: Yes | AB68: No | AC68: No
A69: Petersfield & District DTS - SATUDAY 31ST MAY AND SUNDAY 1ST JUNE 2025 | B69: 237 | C69: Janet Bates | E69: Mrs | F69: Janet | G69: Bates | H69: 15 Brookside Avenue | J69: Ashford | K69: Middlesex | L69: TW15 3NH | M69: United Kingdom | N69: 1784246235 | O69: janbatesaussie4@hotmail.com | P69: Owner | R69: Birkcross Here's Gizmo Ow | S69: AV01268706 | T69: Australian Shepherd | U69: Dog | V69: 43008 | W69: 0 | X69: 0 | Y69: Not applicable | Z69: Camping - Friday night,Camping - Saturday night | AA69: Yes | AB69: No | AC69: No
A70: Petersfield & District DTS - SATUDAY 31ST MAY AND SUNDAY 1ST JUNE 2025 | B70: 237 | C70: Janet Bates | E70: Mrs | F70: Janet | G70: Bates | H70: 15 Brookside Avenue | J70: Ashford | K70: Middlesex | L70: TW15 3NH | M70: United Kingdom | N70: 1784246235 | O70: janbatesaussie4@hotmail.com | P70: Owner | R70: Taika star from Texas | S70: K146124 | T70: Australian Shepherd Border Collie Cross | U70: Dog | V70: 41544 | W70: 0 | X70: 0 | Y70: Not applicable | Z70: Camping - Friday night,Camping - Saturday night | AA70: Yes | AB70: No | AC70: No
A71: Petersfield & District DTS - SATUDAY 31ST MAY AND SUNDAY 1ST JUNE 2025 | B71: 237 | C71: Janet Bates | E71: Mrs | F71: Janet | G71: Bates | H71: 15 Brookside Avenue | J71: Ashford | K71: Middlesex | L71: TW15 3NH | M71: United Kingdom | N71: 1784246235 | O71: janbatesaussie4@hotmail.com | P71: Owner | R71: Taika star from Texas | S71: K146124 | T71: Australian Shepherd Border Collie Cross | U71: Dog | V71: 41544 | W71: 0 | X71: 0 | Y71: Not applicable | Z71: Camping - Friday night,Camping - Saturday night | AA71: Yes | AB71: No | AC71: No
A72: Petersfield & District DTS - SATUDAY 31ST MAY AND SUNDAY 1ST JUNE 2025 | B72: 237 | C72: Janet Bates | D72: 21 | E72: Mrs | F72: Janet | G72: Bates | H72: 15 Brookside Avenue | J72: Ashford | K72: Middlesex | L72: TW15 3NH | M72: United Kingdom | N72: 1784246235 | O72: janbatesaussie4@hotmail.com | P72: Janet Bates | R72: Birkcross Here's Gizmo OW | S72: AV01268706 | T72: Australian Shepherd | U72: Dog | V72: 43008 | W72: 0 | X72: 20 | Z72: Camping - Friday night,Camping - Saturday night | AA72: Yes | AB72: No | AC72: No
A73: Petersfield & District DTS - SATUDAY 31ST MAY AND SUNDAY 1ST JUNE 2025 | B73: 237 | C73: Janet Bates | D73: 22 | E73: Mrs | F73: Janet | G73: Bates | H73: 15 Brookside Avenue | J73: Ashford | K73: Middlesex | L73: TW15 3NH | M73: United Kingdom | N73: 1784246235 | O73: janbatesaussie4@hotmail.com | P73: Janet Bates | R73: Lamintone For The Joy Ride | S73: BA18299404 | T73: Australian Shepherd | U73: Dog | V73: 44817 | W73: 0 | X73: 12 | Z73: Camping - Friday night,Camping - Saturday night | AA73: Yes | AB73: No | AC73: No
A74: Petersfield & District DTS - SATUDAY 31ST MAY AND SUNDAY 1ST JUNE 2025 | B74: 681 | C74: Claire Bath | E74: Mrs | F74: Claire | G74: Bath | H74: 33 Fore Street | J74: Westbury | K74: Wiltshire | L74: BA13 3AU | M74: United Kingdom | N74: 7977869117 | O74: indigok9massage@gmail.com | P74: Claire Bath | R74: Lookylooky Rhythm n Booz | S74: K133750 | T74: WSD | U74: Dog | V74: 40238 | W74: 0 | X74: 0 | Y74: Not applicable | AA74: Yes | AB74: No | AC74: No
A75: Petersfield & District DTS - SATUDAY 31ST MAY AND SUNDAY 1ST JUNE 2025 | B75: 681 | C75: Claire Bath | E75: Mrs | F75: Claire | G75: Bath | H75: 33 Fore Street | J75: Westbury | K75: Wiltshire | L75: BA13 3AU | M75: United Kingdom | N75: 7977869117 | O75: indigok9massage@gmail.com | P75: Claire Bath | R75: Stillrockin Back to Rehab | S75: K136979 | T75: WSD | U75: Dog | V75: 40585 | W75: 0 | X75: 0 | Y75: Not applicable | AA75: Yes | AB75: No | AC75: No
A76: Petersfield & District DTS - SATUDAY 31ST MAY AND SUNDAY 1ST JUNE 2025 | B76: 681 | C76: Claire Bath | D76: 23 | E76: Mrs | F76: Claire | G76: Bath | H76: 33 Fore Street | J76: Westbury | K76: Wiltshire | L76: BA13 3AU | M76: United Kingdom | N76: 7977869117 | O76: indigok9massage@gmail.com | P76: Claire Bath | R76: Forever Magic Soul Sister | S76: K0273799 | T76: Working Sheepdog | U76: Bitch | V76: 45257 | W76: 0 | X76: 15 | AA76: Yes | AB76: No | AC76: No
A77: Petersfield & District DTS - SATUDAY 31ST MAY AND SUNDAY 1ST JUNE 2025 | B77: 681 | C77: Claire Bath | D77: 23 | E77: Mrs | F77: Claire | G77: Bath | H77: 33 Fore Street | J77: Westbury | K77: Wiltshire | L77: BA13 3AU | M77: United Kingdom | N77: 7977869117 | O77: indigok9massage@gmail.com | P77: Claire Bath | R77: Forever Magic Soul Sister | S77: K0273799 | T77: Working Sheepdog | U77: Bitch | V77: 45257 | W77: 0 | X77: 17 | AA77: Yes | AB77: No | AC77: No
A78: Petersfield & District DTS - SATUDAY 31ST MAY AND SUNDAY 1ST JUNE 2025 | B78: 681 | C78: Claire Bath | D78: 25 | E78: Mrs | F78: Claire | G78: Bath | H78: 33 Fore Street | J78: Westbury | K78: Wiltshire | L78: BA13 3AU | M78: United Kingdom | N78: 7977869117 | O78: indigok9massage@gmail.com | P78: Claire Bath | R78: Lookylooky Azbo Ego | S78: K162970 | T78: Working Sheepdog | U78: Dog | V78: 43393 | W78: 0 | X78: 16 | AA78: Yes | AB78: No | AC78: No
A79: Petersfield & District DTS - SATUDAY 31ST MAY AND SUNDAY 1ST JUNE 2025 | B79: 681 | C79: Claire Bath | D79: 24 | E79: Mrs | F79: Claire | G79: Bath | H79: 33 Fore Street | J79: Westbury | K79: Wiltshire | L79: BA13 3AU | M79: United Kingdom | N79: 7977869117 | O79: indigok9massage@gmail.com | P79: Claire Bath | R79: Longwaves Tempa Mental OW | S79: K151445 | T79: Working Sheepdog | U79: Bitch | V79: 42069 | W79: 0 | X79: 19 | AA79: Yes | AB79: No | AC79: No
A80: Petersfield & District DTS - SATUDAY 31ST MAY AND SUNDAY 1ST JUNE 2025 | B80: 681 | C80: Claire Bath | D80: 24 | E80: Mrs | F80: Claire | G80: Bath | H80: 33 Fore Street | J80: Westbury | K80: Wiltshire | L80: BA13 3AU | M80: United Kingdom | N80: 7977869117 | O80: indigok9massage@gmail.com | P80: Claire Bath | R80: Longwaves Tempa Mental OW | S80: K151445 | T80: Working Sheepdog | U80: Bitch | V80: 42069 | W80: 0 | X80: 21 | AA80: Yes | AB80: No | AC80: No
A81: Petersfield & District DTS - SATUDAY 31ST MAY AND SUNDAY 1ST JUNE 2025 | B81: 96 | C81: Russell Becque | E81: Mr | F81: Russell | G81: Becque | H81: 74 Lime Grove | I81: Paulsgrove | J81: Portsmouth | K81: Hampshire | L81: PO6 4DQ | M81: United Kingdom | N81: 023 9237 0909 | O81: russell@amcbt.com | P81: Mr Russell Becque | R81: Bounceback Milo | S81: K0262240 | T81: Working Cocker Spaniel | U81: Dog | V81: 43238 | W81: 0 | X81: 0 | Y81: Not applicable | AA81: Yes | AB81: No | AC81: No
A82: Petersfield & District DTS - SATUDAY 31ST MAY AND SUNDAY 1ST JUNE 2025 | B82: 96 | C82: Russell Becque | E82: Mr | F82: Russell | G82: Becque | H82: 74 Lime Grove | I82: Paulsgrove | J82: Portsmouth | K82: Hampshire | L82: PO6 4DQ | M82: United Kingdom | N82: 023 9237 0909 | O82: russell@amcbt.com | P82: Mr Russell Becque | R82: Tazzzman of Blumoon | S82: K141206 | T82: Siberian Husky x G.S.D. | U82: Dog | V82: 40713 | W82: 0 | X82: 0 | Y82: Not applicable | AA82: Yes | AB82: No | AC82: No
A83: Petersfield & District DTS - SATUDAY 31ST MAY AND SUNDAY 1ST JUNE 2025 | B83: 96 | C83: Russell Becque | E83: Mr | F83: Russell | G83: Becque | H83: 74 Lime Grove | I83: Paulsgrove | J83: Portsmouth | K83: Hampshire | L83: PO6 4DQ | M83: United Kingdom | N83: 023 9237 0909 | O83: russell@amcbt.com | P83: Mr Russell Becque | R83: Bounceback Milo | S83: K0262240 | T83: Working Cocker Spaniel | U83: Dog | V83: 43238 | W83: 0 | X83: 0 | Y83: Not applicable | AA83: Yes | AB83: No | AC83: No
A84: Petersfield & District DTS - SATUDAY 31ST MAY AND SUNDAY 1ST JUNE 2025 | B84: 96 | C84: Russell Becque | E84: Mr | F84: Russell | G84: Becque | H84: 74 Lime Grove | I84: Paulsgrove | J84: Portsmouth | K84: Hampshire | L84: PO6 4DQ | M84: United Kingdom | N84: 023 9237 0909 | O84: russell@amcbt.com | P84: Mr Russell Becque | R84: Tazzzman of Blumoon | S84: K141206 | T84: Siberian Husky x G.S.D. | U84: Dog | V84: 40713 | W84: 0 | X84: 0 | Y84: Not applicable | AA84: Yes | AB84: No | AC84: No
A85: Petersfield & District DTS - SATUDAY 31ST MAY AND SUNDAY 1ST JUNE 2025 | B85: 96 | C85: Russell Becque | D85: 26 | E85: Mr | F85: Russell | G85: Becque | H85: 74 Lime Grove | I85: Paulsgrove | J85: Portsmouth | K85: Hampshire | L85: PO6 4DQ | M85: United Kingdom | N85: 023 9237 0909 | O85: russell@amcbt.com | P85: Russell Becque | R85: Haskaheim Sarah | S85: AV04032804 | T85: BSD (Malinois) | U85: Bitch | V85: 43330 | W85: 0 | X85: 7 | AA85: Yes | AB85: No | AC85: No
A86: Petersfield & District DTS - SATUDAY 31ST MAY AND SUNDAY 1ST JUNE 2025 | B86: 96 | C86: Russell Becque | D86: 26 | E86: Mr | F86: Russell | G86: Becque | H86: 74 Lime Grove | I86: Paulsgrove | J86: Portsmouth | K86: Hampshire | L86: PO6 4DQ | M86: United Kingdom | N86: 023 9237 0909 | O86: russell@amcbt.com | P86: Russell Becque | R86: Haskaheim Sarah | S86: AV04032804 | T86: BSD (Malinois) | U86: Bitch | V86: 43330 | W86: 0 | X86: 19 | AA86: Yes | AB86: No | AC86: No
A87: Petersfield & District DTS - SATUDAY 31ST MAY AND SUNDAY 1ST JUNE 2025 | B87: 2370 | C87: Julie Behagg | D87: 27 | E87: Ms | F87: Julie | G87: Behagg | H87: 45 St Clair Close | J87: Oxted | K87: Surrey | L87: RH89JP | M87: United Kingdom | N87: 7941875227 | O87: julie_behagg@hotmail.co.uk | P87: Julie Behagg | R87: Stormlake's Charmer | S87: AY07356803 | T87: GSD | U87: Dog | V87: 44280 | W87: 0 | X87: 6 | Y87: Sue Monk | Z87: Camping - Friday night,Camping - Saturday night | AA87: Yes | AB87: No | AC87: No
A88: Petersfield & District DTS - SATUDAY 31ST MAY AND SUNDAY 1ST JUNE 2025 | B88: 2370 | C88: Julie Behagg | D88: 27 | E88: Ms | F88: Julie | G88: Behagg | H88: 45 St Clair Close | J88: Oxted | K88: Surrey | L88: RH89JP | M88: United Kingdom | N88: 7941875227 | O88: julie_behagg@hotmail.co.uk | P88: Julie Behagg | R88: Stormlake's Charmer | S88: AY07356803 | T88: GSD | U88: Dog | V88: 44280 | W88: 0 | X88: 16 | Z88: Camping - Friday night,Camping - Saturday night | AA88: Yes | AB88: No | AC88: No
A89: Petersfield & District DTS - SATUDAY 31ST MAY AND SUNDAY 1ST JUNE 2025 | B89: 2370 | C89: Julie Behagg | E89: Ms | F89: Julie | G89: Behagg | H89: 45 St Clair Close | J89: Oxted | K89: Surrey | L89: RH89JP | M89: United Kingdom | N89: 7941875227 | O89: julie_behagg@hotmail.co.uk | P89: Mrs Julie Behagg | R89: Stormlake's Quest of KY | S89: BA19708204 | T89: German Shepherd Dog | U89: Dog | V89: 45015 | W89: 0 | X89: 0 | Y89: Not applicable | Z89: Camping - Friday night,Camping - Saturday night | AA89: Yes | AB89: No | AC89: No
A90: Petersfield & District DTS - SATUDAY 31ST MAY AND SUNDAY 1ST JUNE 2025 | B90: 2370 | C90: Julie Behagg | E90: Ms | F90: Julie | G90: Behagg | H90: 45 St Clair Close | J90: Oxted | K90: Surrey | L90: RH89JP | M90: United Kingdom | N90: 7941875227 | O90: julie_behagg@hotmail.co.uk | P90: Mrs Julie Behagg | R90: Stormlake's Quest of KY | S90: BA19708204 | T90: German Shepherd Dog | U90: Dog | V90: 45015 | W90: 0 | X90: 0 | Y90: Not applicable | Z90: Camping - Friday night,Camping - Saturday night | AA90: Yes | AB90: No | AC90: No
A91: Petersfield & District DTS - SATUDAY 31ST MAY AND SUNDAY 1ST JUNE 2025 | B91: 197 | C91: Andrew Biggs | D91: 29 | E91: Mr | F91: Andrew | G91: Biggs | H91: 37 Broadshard Lane | J91: Ringwood | K91: Hampshire | L91: BH24 1RP | M91: United Kingdom | N91: 441425470839 | O91: andrew_biggs@btinternet.com | P91: Andrew Biggs | R91: Reggie Hill Billy | S91: K0261855 | T91: Working Sheepdog | U91: Dog | V91: 44157 | W91: 0 | X91: 11 | AA91: Yes | AB91: No | AC91: No | AE91: Reggie competing in Beginners under rule change._x000D_ Also, need disable parking if available._x000D_ Thanks
A92: Petersfield & District DTS - SATUDAY 31ST MAY AND SUNDAY 1ST JUNE 2025 | B92: 197 | C92: Andrew Biggs | D92: 28 | E92: Mr | F92: Andrew | G92: Biggs | H92: 37 Broadshard Lane | J92: Ringwood | K92: Hampshire | L92: BH24 1RP | M92: United Kingdom | N92: 441425470839 | O92: andrew_biggs@btinternet.com | P92: Andrew Biggs | R92: Jimmy Hill Billy | S92: K159739 | T92: Border Collie | U92: Dog | V92: 42646 | W92: 0 | X92: 12 | AA92: Yes | AB92: No | AC92: No | AE92: Reggie competing in Beginners under rule change._x000D_ Also, need disable parking if available._x000D_ Thanks
A93: Petersfield & District DTS - SATUDAY 31ST MAY AND SUNDAY 1ST JUNE 2025 | B93: 197 | C93: Andrew Biggs | D93: 29 | E93: Mr | F93: Andrew | G93: Biggs | H93: 37 Broadshard Lane | J93: Ringwood | K93: Hampshire | L93: BH24 1RP | M93: United Kingdom | N93: 441425470839 | O93: andrew_biggs@btinternet.com | P93: Andrew Biggs | R93: Reggie Hill Billy | S93: K0261855 | T93: Working Sheepdog | U93: Dog | V93: 44157 | W93: 0 | X93: 12 | AA93: Yes | AB93: No | AC93: No | AE93: Reggie competing in Beginners under rule change._x000D_ Also, need disable parking if available._x000D_ Thanks
A94: Petersfield & District DTS - SATUDAY 31ST MAY AND SUNDAY 1ST JUNE 2025 | B94: 1099 | C94: Wendy Birch | D94: 34 | E94: Mrs | F94: Wendy | G94: Birch | H94: 2 Merrow Drive | I94: Warners End | J94: Hemel Hempstead | K94: Hertfordshire | L94: HP1 2LZ | M94: United Kingdom | N94: 01442 396498 | O94: wendyandian@ntlworld.com | P94: Wendy Birch | R94: Westoning Just Krystie of Greyvalley | S94: K0266802 | T94: Working Sheepdog | U94: Bitch | V94: 44690 | W94: 0 | X94: 13 | AA94: Yes | AB94: No | AC94: No
A95: Petersfield & District DTS - SATUDAY 31ST MAY AND SUNDAY 1ST JUNE 2025 | B95: 1099 | C95: Wendy Birch | D95: 33 | E95: Mrs | F95: Wendy | G95: Birch | H95: 2 Merrow Drive | I95: Warners End | J95: Hemel Hempstead | K95: Hertfordshire | L95: HP1 2LZ | M95: United Kingdom | N95: 01442 396498 | O95: wendyandian@ntlworld.com | P95: Wendy Birch | R95: Goytre Helter Skelter of Greyvalley | S95: AW03773506 | T95: Border Collie | U95: Dog | V95: 43720 | W95: 0 | X95: 16 | AA95: Yes | AB95: No | AC95: No
A96: Petersfield & District DTS - SATUDAY 31ST MAY AND SUNDAY 1ST JUNE 2025 | B96: 1099 | C96: Wendy Birch | D96: 32 | E96: Mrs | F96: Wendy | G96: Birch | H96: 2 Merrow Drive | I96: Warners End | J96: Hemel Hempstead | K96: Hertfordshire | L96: HP1 2LZ | M96: United Kingdom | N96: 01442 396498 | O96: wendyandian@ntlworld.com | P96: Wendy Birch | R96: Coolpawz Just Joey of Greyvalley | S96: AS01113204 | T96: Border Collie | U96: Dog | V96: 42011 | W96: 0 | X96: 18 | AA96: Yes | AB96: No | AC96: No
A97: Petersfield & District DTS - SATUDAY 31ST MAY AND SUNDAY 1ST JUNE 2025 | B97: 1099 | C97: Wendy Birch | D97: 32 | E97: Mrs | F97: Wendy | G97: Birch | H97: 2 Merrow Drive | I97: Warners End | J97: Hemel Hempstead | K97: Hertfordshire | L97: HP1 2LZ | M97: United Kingdom | N97: 01442 396498 | O97: wendyandian@ntlworld.com | P97: Wendy Birch | R97: Coolpawz Just Joey of Greyvalley | S97: AS01113204 | T97: Border Collie | U97: Dog | V97: 42011 | W97: 0 | X97: 20 | AA97: Yes | AB97: No | AC97: No
A98: Petersfield & District DTS - SATUDAY 31ST MAY AND SUNDAY 1ST JUNE 2025 | B98: 2661 | C98: Kylie Birch | D98: 31 | E98: Miss | F98: Kylie | G98: Birch | H98: 24 Leith View | I98: North Holmwood | J98: Dorking | K98: Surrey | L98: RH54TG | M98: United Kingdom | N98: 7918939154 | O98: kjbirch5@gmail.com | P98: Kylie Birch | R98: Ch. Adaluma High Speed | S98: AW00761101 | T98: Australian Cattle Dog | U98: Dog | V98: 43483 | W98: 0 | X98: 12 | AA98: Yes | AB98: No | AC98: No
A99: Petersfield & District DTS - SATUDAY 31ST MAY AND SUNDAY 1ST JUNE 2025 | B99: 2661 | C99: Kylie Birch | D99: 30 | E99: Miss | F99: Kylie | G99: Birch | H99: 24 Leith View | I99: North Holmwood | J99: Dorking | K99: Surrey | L99: RH54TG | M99: United Kingdom | N99: 7918939154 | O99: kjbirch5@gmail.com | P99: Kylie Birch | R99: Adaluma Exe Files | S99: BB23800803 | T99: Australian Cattle Dog | U99: Bitch | V99: 45233 | W99: 0 | X99: 13 | AA99: Yes | AB99: No | AC99: No
A100: Petersfield & District DTS - SATUDAY 31ST MAY AND SUNDAY 1ST JUNE 2025 | B100: 2661 | C100: Kylie Birch | D100: 31 | E100: Miss | F100: Kylie | G100: Birch | H100: 24 Leith View | I100: North Holmwood | J100: Dorking | K100: Surrey | L100: RH54TG | M100: United Kingdom | N100: 7918939154 | O100: kjbirch5@gmail.com | P100: Kylie Birch | R100: Ch. Adaluma High Speed | S100: AW00761101 | T100: Australian Cattle Dog | U100: Dog | V100: 43483 | W100: 0 | X100: 14 | AA100: Yes | AB100: No | AC100: No
...

Sheet For import
A1: Show name | B1: Owner Id | C1: Owner title | D1: Owner first name | E1: Owner last name | F1: Owner address 1 | G1: Owner address 2 | H1: Owner town | I1: Owner county | J1: Owner postcode | K1: Owner country | L1: Owner phone | M1: Owner email address | N1: Owner registered name | O1: Vehicle registration | P1: Registered name | Q1: Registered number | R1: Breed | S1: Sex | T1: Date of birth | U1: Merit points | V1: Entered classes | W1: Preferred judge | X1: Extras | Y1: Confirmed acceptance of declaration | Z1: Withdraw all entries if balloted out of Championship C | AA1: Show address in catalogue | AB1: Notes to organiser | AD1: Import
A2: Petersfield & District DTS - SATUDAY 31ST MAY AND SUNDAY 1ST JUNE 2025 | B2: 2670 | C2: Miss | D2: Annie | E2: Abbott | F2: Foster cottage | H2: Wareham | I2: Dorset | J2: BH20 7DL | K2: United Kingdom | L2: 7934997677 | M2: anico16@hotmail.com | N2: Annie Abbott | P2: Mosquito Meep | Q2: F5-13919-2024 | R2: Toy Poodle | S2: Dog | T2: 45309 | U2: 0 | V2: 2 | Y2: Yes | Z2: No | AA2: No
A3: Petersfield & District DTS - SATUDAY 31ST MAY AND SUNDAY 1ST JUNE 2025 | B3: 2670 | C3: Miss | D3: Annie | E3: Abbott | F3: Foster cottage | H3: Wareham | I3: Dorset | J3: BH20 7DL | K3: United Kingdom | L3: 7934997677 | M3: anico16@hotmail.com | N3: Annie Abbott | P3: Ri Coco the Clown | Q3: K159116 | R3: Poodle | S3: Dog | T3: 41476 | U3: 0 | V3: 2 | Y3: Yes | Z3: No | AA3: No | AD3: Y
A4: Petersfield & District DTS - SATUDAY 31ST MAY AND SUNDAY 1ST JUNE 2025 | B4: 2649 | C4: Miss | D4: Susan | E4: Abraham | F4: 5 Camley Close | H4: Southampton | I4: Hampshire | J4: SO19 9GP | K4: United Kingdom | L4: 023 80432000 | M4: sue_abraham56@hotmail.com | N4: Miss S Abraham | P4: KALIAZAR CRUIZE | Q4: AQ01895805 | R4: Border Collie | S4: Dog | T4: 41397 | U4: 0 | V4: 0 | W4: Not applicable | Y4: Yes | Z4: No | AA4: No | AD4: Y
A5: Petersfield & District DTS - SATUDAY 31ST MAY AND SUNDAY 1ST JUNE 2025 | B5: 2649 | C5: Miss | D5: Susan | E5: Abraham | F5: 5 Camley Close | H5: Southampton | I5: Hampshire | J5: SO19 9GP | K5: United Kingdom | L5: 023 80432000 | M5: sue_abraham56@hotmail.com | N5: Miss S Abraham | P5: TIPPIVALE JIVE MAN | Q5: BB27138202 | R5: BORDER COLLIE | S5: Dog | T5: 45630 | U5: 0 | V5: 0 | W5: Not applicable | Y5: Yes | Z5: No | AA5: No | AD5: Y
A6: Petersfield & District DTS - SATUDAY 31ST MAY AND SUNDAY 1ST JUNE 2025 | B6: 2649 | C6: Miss | D6: Susan | E6: Abraham | F6: 5 Camley Close | H6: Southampton | I6: Hampshire | J6: SO19 9GP | K6: United Kingdom | L6: 023 80432000 | M6: sue_abraham56@hotmail.com | N6: Susan Abraham | P6: Kaliazar Eclipse | Q6: AV01178206 | R6: Border Collie | S6: Dog | T6: 43157 | U6: 0 | V6: 4 | W6: Michelle Richmond | Y6: Yes | Z6: No | AA6: No | AD6: Y
A7: Petersfield & District DTS - SATUDAY 31ST MAY AND SUNDAY 1ST JUNE 2025 | B7: 2649 | C7: Miss | D7: Susan | E7: Abraham | F7: 5 Camley Close | H7: Southampton | I7: Hampshire | J7: SO19 9GP | K7: United Kingdom | L7: 023 80432000 | M7: sue_abraham56@hotmail.com | N7: Susan Abraham | P7: Kaliazar Eclipse | Q7: AV01178206 | R7: Border Collie | S7: Dog | T7: 43157 | U7: 0 | V7: 5 | W7: Kathy Case | Y7: Yes | Z7: No | AA7: No | AD7: Y
A8: Petersfield & District DTS - SATUDAY 31ST MAY AND SUNDAY 1ST JUNE 2025 | B8: 2649 | C8: Miss | D8: Susan | E8: Abraham | F8: 5 Camley Close | H8: Southampton | I8: Hampshire | J8: SO19 9GP | K8: United Kingdom | L8: 023 80432000 | M8: sue_abraham56@hotmail.com | N8: Susan Abraham | P8: Kaliazar Eclipse | Q8: AV01178206 | R8: Border Collie | S8: Dog | T8: 43157 | U8: 0 | V8: 12 | Y8: Yes | Z8: No | AA8: No | AD8: Y
A9: Petersfield & District DTS - SATUDAY 31ST MAY AND SUNDAY 1ST JUNE 2025 | B9: 2649 | C9: Miss | D9: Susan | E9: Abraham | F9: 5 Camley Close | H9: Southampton | I9: Hampshire | J9: SO19 9GP | K9: United Kingdom | L9: 023 80432000 | M9: sue_abraham56@hotmail.com | N9: Susan Abraham | P9: Kaliazar Eclipse | Q9: AV01178206 | R9: Border Collie | S9: Dog | T9: 43157 | U9: 0 | V9: 14 | Y9: Yes | Z9: No | AA9: No | AD9: Y
A10: Petersfield & District DTS - SATUDAY 31ST MAY AND SUNDAY 1ST JUNE 2025 | B10: 2999 | C10: Mrs | D10: Sandra | E10: Aburn | F10: 4 Castle Gardens | H10: Dorking | I10: Surrey | J10: RH4 1NY | K10: United Kingdom | L10: 7852469499 | M10: sandra1.bailey@icloud.com | N10: Miss S Bailey | P10: Forevermagic road king | Q10: K0273807 | R10: Working sheepdog | S10: Dog | T10: 45263 | U10: 0 | V10: 0 | W10: Not applicable | Y10: Yes | Z10: No | AA10: No | AD10: Y
A11: Petersfield & District DTS - SATUDAY 31ST MAY AND SUNDAY 1ST JUNE 2025 | B11: 2999 | C11: Mrs | D11: Sandra | E11: Aburn | F11: 4 Castle Gardens | H11: Dorking | I11: Surrey | J11: RH4 1NY | K11: United Kingdom | L11: 7852469499 | M11: sandra1.bailey@icloud.com | N11: Sandra Bailey | P11: Sapphire Inferno Sky | Q11: K164665 | R11: Working Sheepdog | S11: Bitch | T11: 43211 | U11: 0 | V11: 5 | W11: Kathy Case | Y11: Yes | Z11: No | AA11: No | AD11: Y
A12: Petersfield & District DTS - SATUDAY 31ST MAY AND SUNDAY 1ST JUNE 2025 | B12: 2999 | C12: Mrs | D12: Sandra | E12: Aburn | F12: 4 Castle Gardens | H12: Dorking | I12: Surrey | J12: RH4 1NY | K12: United Kingdom | L12: 7852469499 | M12: sandra1.bailey@icloud.com | N12: Sandra Bailey | P12: Sapphire Inferno Sky | Q12: K164665 | R12: Working Sheepdog | S12: Bitch | T12: 43211 | U12: 0 | V12: 6 | W12: Sue Monk | Y12: Yes | Z12: No | AA12: No | AD12: Y
A13: Petersfield & District DTS - SATUDAY 31ST MAY AND SUNDAY 1ST JUNE 2025 | B13: 2999 | C13: Mrs | D13: Sandra | E13: Aburn | F13: 4 Castle Gardens | H13: Dorking | I13: Surrey | J13: RH4 1NY | K13: United Kingdom | L13: 7852469499 | M13: sandra1.bailey@icloud.com | N13: Miss S Bailey | P13: Forevermagic road king | Q13: K0273807 | R13: Working sheepdog | S13: Dog | T13: 45263 | U13: 0 | V13: 0 | W13: Not applicable | Y13: Yes | Z13: No | AA13: No | AD13: Y
A14: Petersfield & District DTS - SATUDAY 31ST MAY AND SUNDAY 1ST JUNE 2025 | B14: 2999 | C14: Mrs | D14: Sandra | E14: Aburn | F14: 4 Castle Gardens | H14: Dorking | I14: Surrey | J14: RH4 1NY | K14: United Kingdom | L14: 7852469499 | M14: sandra1.bailey@icloud.com | N14: Sandra Bailey | P14: Sapphire Inferno Sky | Q14: K164665 | R14: Working Sheepdog | S14: Bitch | T14: 43211 | U14: 0 | V14: 15 | Y14: Yes | Z14: No | AA14: No | AD14: Y
A15: Petersfield & District DTS - SATUDAY 31ST MAY AND SUNDAY 1ST JUNE 2025 | B15: 2999 | C15: Mrs | D15: Sandra | E15: Aburn | F15: 4 Castle Gardens | H15: Dorking | I15: Surrey | J15: RH4 1NY | K15: United Kingdom | L15: 7852469499 | M15: sandra1.bailey@icloud.com | N15: Sandra Bailey | P15: Sapphire Inferno Sky | Q15: K164665 | R15: Working Sheepdog | S15: Bitch | T15: 43211 | U15: 0 | V15: 17 | Y15: Yes | Z15: No | AA15: No | AD15: Y
A16: Petersfield & District DTS - SATUDAY 31ST MAY AND SUNDAY 1ST JUNE 2025 | B16: 2387 | C16: Mrs | D16: Janet | E16: Aldridge | F16: 2 Malabar farm Cottages, Badby Road West | H16: Daventry | I16: Northants | J16: NN114NH | K16: United Kingdom | L16: 447970863728 | M16: johnmalabar@hotmail.com | N16: Janet Aldridge | P16: Malaridge Sappire Sunset | Q16: KO271139 | R16: Working Sheepdog | S16: Bitch | T16: 44971 | U16: 0 | V16: 13 | Y16: Yes | Z16: No | AA16: No | AD16: Y
A17: Petersfield & District DTS - SATUDAY 31ST MAY AND SUNDAY 1ST JUNE 2025 | B17: 2387 | C17: Mrs | D17: Janet | E17: Aldridge | F17: 2 Malabar farm Cottages, Badby Road West | H17: Daventry | I17: Northants | J17: NN114NH | K17: United Kingdom | L17: 447970863728 | M17: johnmalabar@hotmail.com | N17: Janet Aldridge | P17: Tigrys Treacle Tart at Malaridge | Q17: K0261529 | R17: Working Sheepdog | S17: Bitch | T17: 44058 | U17: 0 | V17: 17 | Y17: Yes | Z17: No | AA17: No | AD17: Y
A18: Petersfield & District DTS - SATUDAY 31ST MAY AND SUNDAY 1ST JUNE 2025 | B18: 2387 | C18: Mrs | D18: Janet | E18: Aldridge | F18: 2 Malabar farm Cottages, Badby Road West | H18: Daventry | I18: Northants | J18: NN114NH | K18: United Kingdom | L18: 447970863728 | M18: johnmalabar@hotmail.com | N18: Janet Aldridge | P18: Malaridge Dark Side of Moon | Q18: KO261404 | R18: Working Sheepdog | S18: Dog | T18: 44106 | U18: 0 | V18: 18 | Y18: Yes | Z18: No | AA18: No | AD18: Y
A19: Petersfield & District DTS - SATUDAY 31ST MAY AND SUNDAY 1ST JUNE 2025 | B19: 2387 | C19: Mrs | D19: Janet | E19: Aldridge | F19: 2 Malabar farm Cottages, Badby Road West | H19: Daventry | I19: Northants | J19: NN114NH | K19: United Kingdom | L19: 447970863728 | M19: johnmalabar@hotmail.com | N19: Janet Aldridge | P19: Candlewind Cassanova at Malaridge | Q19: AU01669807 | R19: Border Collie | S19: Dog | T19: 42810 | U19: 0 | V19: 18 | Y19: Yes | Z19: No | AA19: No | AD19: Y
A20: Petersfield & District DTS - SATUDAY 31ST MAY AND SUNDAY 1ST JUNE 2025 | B20: 2387 | C20: Mrs | D20: Janet | E20: Aldridge | F20: 2 Malabar farm Cottages, Badby Road West | H20: Daventry | I20: Northants | J20: NN114NH | K20: United Kingdom | L20: 447970863728 | M20: johnmalabar@hotmail.com | N20: Janet Aldridge | P20: Malaridge Poachers Moon | Q20: K159039 | R20: Working Sheepdog | S20: Bitch | T20: 42996 | U20: 0 | V20: 19 | Y20: Yes | Z20: No | AA20: No | AD20: Y
A21: Petersfield & District DTS - SATUDAY 31ST MAY AND SUNDAY 1ST JUNE 2025 | B21: 1500 | C21: Mrs | D21: Kay | E21: Allen | F21: Maxworthy Barn | G21: Maxworthy | H21: Launceston | I21: Devon | J21: PL15 8LZ | K21: United Kingdom | L21: 1566785587 | M21: kay.allen41@gmail.com | N21: Kay Allen | P21: Torlake Red Nov Ex | Q21: AW00031601 | R21: Border Collie | S21: Dog | T21: 43422 | U21: 0 | V21: 5 | W21: Kathy Case | Y21: Yes | Z21: No | AA21: Yes | AB21: Judging Ch C Bitch Sunday. Camping required Friday-Monday please. _x000D_ Steward Sue Garner | AD21: Y
A22: Petersfield & District DTS - SATUDAY 31ST MAY AND SUNDAY 1ST JUNE 2025 | B22: 1500 | C22: Mrs | D22: Kay | E22: Allen | F22: Maxworthy Barn | G22: Maxworthy | H22: Launceston | I22: Devon | J22: PL15 8LZ | K22: United Kingdom | L22: 1566785587 | M22: kay.allen41@gmail.com | N22: Kay Allen | P22: Cories Crystal Lake B Ex AW(B) | Q22: AR02059805 | R22: Border Collie | S22: Bitch | T22: 41709 | U22: 0 | V22: 0 | W22: Not applicable | Y22: Yes | Z22: No | AA22: Yes | AB22: Judging Ch C Bitch Sunday. Camping required Friday-Monday please. _x000D_ Steward Sue Garner | AD22: Y
A23: Petersfield & District DTS - SATUDAY 31ST MAY AND SUNDAY 1ST JUNE 2025 | B23: 1500 | C23: Mrs | D23: Kay | E23: Allen | F23: Maxworthy Barn | G23: Maxworthy | H23: Launceston | I23: Devon | J23: PL15 8LZ | K23: United Kingdom | L23: 1566785587 | M23: kay.allen41@gmail.com | N23: Kay Allen | P23: Torlake Becka | Q23: AW00031602 | R23: Border Collie | S23: Bitch | T23: 43422 | U23: 0 | V23: 0 | W23: Not applicable | Y23: Yes | Z23: No | AA23: Yes | AB23: Judging Ch C Bitch Sunday. Camping required Friday-Monday please. _x000D_ Steward Sue Garner | AD23: Y
A24: Petersfield & District DTS - SATUDAY 31ST MAY AND SUNDAY 1ST JUNE 2025 | B24: 1500 | C24: Mrs | D24: Kay | E24: Allen | F24: Maxworthy Barn | G24: Maxworthy | H24: Launceston | I24: Devon | J24: PL15 8LZ | K24: United Kingdom | L24: 1566785587 | M24: kay.allen41@gmail.com | N24: Kay Allen | P24: Torlake Royal A ex | Q24: AU00564401 | R24: Border Collie | S24: Dog | T24: 42744 | U24: 0 | V24: 0 | W24: Not applicable | Y24: Yes | Z24: No | AA24: Yes | AB24: Judging Ch C Bitch Sunday. Camping required Friday-Monday please. _x000D_ Steward Sue Garner | AD24: Y
A25: Petersfield & District DTS - SATUDAY 31ST MAY AND SUNDAY 1ST JUNE 2025 | B25: 1500 | C25: Mrs | D25: Kay | E25: Allen | F25: Maxworthy Barn | G25: Maxworthy | H25: Launceston | I25: Devon | J25: PL15 8LZ | K25: United Kingdom | L25: 1566785587 | M25: kay.allen41@gmail.com | N25: Kay Allen | P25: Torlake Temple | Q25: BA18655305 | R25: Border Collie | S25: Bitch | T25: 44931 | U25: 0 | V25: 0 | W25: Not applicable | Y25: Yes | Z25: No | AA25: Yes | AB25: Judging Ch C Bitch Sunday. Camping required Friday-Monday please. _x000D_ Steward Sue Garner | AD25: Y
A26: Petersfield & District DTS - SATUDAY 31ST MAY AND SUNDAY 1ST JUNE 2025 | B26: 1500 | C26: Mrs | D26: Kay | E26: Allen | F26: Maxworthy Barn | G26: Maxworthy | H26: Launceston | I26: Devon | J26: PL15 8LZ | K26: United Kingdom | L26: 1566785587 | M26: kay.allen41@gmail.com | N26: Kay Allen | P26: Torlake Becka | Q26: AW00031602 | R26: Border Collie | S26: Bitch | T26: 43422 | U26: 0 | V26: 0 | W26: Not applicable | Y26: Yes | Z26: No | AA26: Yes | AB26: Judging Ch C Bitch Sunday. Camping required Friday-Monday please. _x000D_ Steward Sue Garner | AD26: Y
A27: Petersfield & District DTS - SATUDAY 31ST MAY AND SUNDAY 1ST JUNE 2025 | B27: 1500 | C27: Mrs | D27: Kay | E27: Allen | F27: Maxworthy Barn | G27: Maxworthy | H27: Launceston | I27: Devon | J27: PL15 8LZ | K27: United Kingdom | L27: 1566785587 | M27: kay.allen41@gmail.com | N27: Kay Allen | P27: Torlake Red Nov Ex | Q27: AW00031601 | R27: Border Collie | S27: Dog | T27: 43422 | U27: 0 | V27: 0 | W27: Not applicable | Y27: Yes | Z27: No | AA27: Yes | AB27: Judging Ch C Bitch Sunday. Camping required Friday-Monday please. _x000D_ Steward Sue Garner | AD27: Y
A28: Petersfield & District DTS - SATUDAY 31ST MAY AND SUNDAY 1ST JUNE 2025 | B28: 1500 | C28: Mrs | D28: Kay | E28: Allen | F28: Maxworthy Barn | G28: Maxworthy | H28: Launceston | I28: Devon | J28: PL15 8LZ | K28: United Kingdom | L28: 1566785587 | M28: kay.allen41@gmail.com | N28: Kay Allen | P28: Torlake Royal A ex | Q28: AU00564401 | R28: Border Collie | S28: Dog | T28: 42744 | U28: 0 | V28: 0 | W28: Not applicable | Y28: Yes | Z28: No | AA28: Yes | AB28: Judging Ch C Bitch Sunday. Camping required Friday-Monday please. _x000D_ Steward Sue Garner | AD28: Y
A29: Petersfield & District DTS - SATUDAY 31ST MAY AND SUNDAY 1ST JUNE 2025 | B29: 1500 | C29: Mrs | D29: Kay | E29: Allen | F29: Maxworthy Barn | G29: Maxworthy | H29: Launceston | I29: Devon | J29: PL15 8LZ | K29: United Kingdom | L29: 1566785587 | M29: kay.allen41@gmail.com | N29: Kay Allen | P29: Cories Crystal Lake B Ex AW(B) | Q29: AR02059805 | R29: Border Collie | S29: Bitch | T29: 41709 | U29: 0 | V29: 0 | W29: Not applicable | Y29: Yes | Z29: No | AA29: Yes | AB29: Judging Ch C Bitch Sunday. Camping required Friday-Monday please. _x000D_ Steward Sue Garner | AD29: Y
A30: Petersfield & District DTS - SATUDAY 31ST MAY AND SUNDAY 1ST JUNE 2025 | B30: 1500 | C30: Mrs | D30: Kay | E30: Allen | F30: Maxworthy Barn | G30: Maxworthy | H30: Launceston | I30: Devon | J30: PL15 8LZ | K30: United Kingdom | L30: 1566785587 | M30: kay.allen41@gmail.com | N30: Kay Allen | P30: Torlake Temple | Q30: BA18655305 | R30: Border Collie | S30: Bitch | T30: 44931 | U30: 0 | V30: 0 | W30: Not applicable | Y30: Yes | Z30: No | AA30: Yes | AB30: Judging Ch C Bitch Sunday. Camping required Friday-Monday please. _x000D_ Steward Sue Garner | AD30: Y
A31: Petersfield & District DTS - SATUDAY 31ST MAY AND SUNDAY 1ST JUNE 2025 | B31: 701 | C31: Mrs | D31: Tracy | E31: Ansell | F31: 9 Bates close | H31: HIGHAM FERRES | I31: NORTHANTS | J31: NN10 8HF | K31: United Kingdom | L31: 1933353038 | M31: srallebone9@gmail.com | N31: Tracy Ansell | P31: Buskru Go With the Flo | Q31: naf | R31: Crossbreed | S31: Bitch | T31: 44890 | U31: 0 | V31: 4 | W31: Michelle Richmond | X31: Camping - Friday night,Camping - Saturday night | Y31: Yes | Z31: No | AA31: No | AD31: Y
A32: Petersfield & District DTS - SATUDAY 31ST MAY AND SUNDAY 1ST JUNE 2025 | B32: 701 | C32: Mrs | D32: Tracy | E32: Ansell | F32: 9 Bates close | H32: HIGHAM FERRES | I32: NORTHANTS | J32: NN10 8HF | K32: United Kingdom | L32: 1933353038 | M32: srallebone9@gmail.com | N32: Tracy Ansell | P32: Tazziemin Strike a Pose for Chalkwell | Q32: AZ15444205 | R32: Standard Poodle | S32: Bitch | T32: 44754 | U32: 0 | V32: 6 | W32: Sue Monk | X32: Camping - Friday night,Camping - Saturday night | Y32: Yes | Z32: No | AA32: No | AD32: Y
A33: Petersfield & District DTS - SATUDAY 31ST MAY AND SUNDAY 1ST JUNE 2025 | B33: 701 | C33: Mrs | D33: Tracy | E33: Ansell | F33: 9 Bates close | H33: HIGHAM FERRES | I33: NORTHANTS | J33: NN10 8HF | K33: United Kingdom | L33: 1933353038 | M33: srallebone9@gmail.com | N33: Tracy Ansell | P33: Tazziemin Strike a Pose for Chalkwell | Q33: AZ15444205 | R33: Standard Poodle | S33: Bitch | T33: 44754 | U33: 0 | V33: 5 | W33: Kathy Case | X33: Camping - Friday night,Camping - Saturday night | Y33: Yes | Z33: No | AA33: No | AD33: Y
A34: Petersfield & District DTS - SATUDAY 31ST MAY AND SUNDAY 1ST JUNE 2025 | B34: 701 | C34: Mrs | D34: Tracy | E34: Ansell | F34: 9 Bates close | H34: HIGHAM FERRES | I34: NORTHANTS | J34: NN10 8HF | K34: United Kingdom | L34: 1933353038 | M34: srallebone9@gmail.com | N34: Tracy Ansell | P34: Chalkwell Worth a Shot | Q34: AU00900601 | R34: Standard Poodle | S34: Dog | T34: 42657 | U34: 0 | V34: 7 | X34: Camping - Friday night,Camping - Saturday night | Y34: Yes | Z34: No | AA34: No | AD34: Y
A35: Petersfield & District DTS - SATUDAY 31ST MAY AND SUNDAY 1ST JUNE 2025 | B35: 701 | C35: Mrs | D35: Tracy | E35: Ansell | F35: 9 Bates close | H35: HIGHAM FERRES | I35: NORTHANTS | J35: NN10 8HF | K35: United Kingdom | L35: 1933353038 | M35: srallebone9@gmail.com | N35: Tracy Ansell | P35: Buskru Go With the Flo | Q35: naf | R35: Crossbreed | S35: Bitch | T35: 44890 | U35: 0 | V35: 13 | X35: Camping - Friday night,Camping - Saturday night | Y35: Yes | Z35: No | AA35: No | AD35: Y
A36: Petersfield & District DTS - SATUDAY 31ST MAY AND SUNDAY 1ST JUNE 2025 | B36: 701 | C36: Mrs | D36: Tracy | E36: Ansell | F36: 9 Bates close | H36: HIGHAM FERRES | I36: NORTHANTS | J36: NN10 8HF | K36: United Kingdom | L36: 1933353038 | M36: srallebone9@gmail.com | N36: Tracy Ansell | P36: Tazziemin Strike a Pose for Chalkwell | Q36: AZ15444205 | R36: Standard Poodle | S36: Bitch | T36: 44754 | U36: 0 | V36: 15 | X36: Camping - Friday night,Camping - Saturday night | Y36: Yes | Z36: No | AA36: No | AD36: Y
A37: Petersfield & District DTS - SATUDAY 31ST MAY AND SUNDAY 1ST JUNE 2025 | B37: 701 | C37: Mrs | D37: Tracy | E37: Ansell | F37: 9 Bates close | H37: HIGHAM FERRES | I37: NORTHANTS | J37: NN10 8HF | K37: United Kingdom | L37: 1933353038 | M37: srallebone9@gmail.com | N37: Tracy Ansell | P37: Tazziemin Strike a Pose for Chalkwell | Q37: AZ15444205 | R37: Standard Poodle | S37: Bitch | T37: 44754 | U37: 0 | V37: 17 | X37: Camping - Friday night,Camping - Saturday night | Y37: Yes | Z37: No | AA37: No | AD37: Y
A38: Petersfield & District DTS - SATUDAY 31ST MAY AND SUNDAY 1ST JUNE 2025 | B38: 701 | C38: Mrs | D38: Tracy | E38: Ansell | F38: 9 Bates close | H38: HIGHAM FERRES | I38: NORTHANTS | J38: NN10 8HF | K38: United Kingdom | L38: 1933353038 | M38: srallebone9@gmail.com | N38: Tracy Ansell | P38: Chalkwell Worth a Shot | Q38: AU00900601 | R38: Standard Poodle | S38: Dog | T38: 42657 | U38: 0 | V38: 20 | X38: Camping - Friday night,Camping - Saturday night | Y38: Yes | Z38: No | AA38: No | AD38: Y
A39: Petersfield & District DTS - SATUDAY 31ST MAY AND SUNDAY 1ST JUNE 2025 | B39: 701 | C39: Mrs | D39: Tracy | E39: Ansell | F39: 9 Bates close | H39: HIGHAM FERRES | I39: NORTHANTS | J39: NN10 8HF | K39: United Kingdom | L39: 1933353038 | M39: srallebone9@gmail.com | N39: Mrs Tracy Ansell | P39: CH Chalkwell Express Yourself | Q39: AP01851801 | R39: Standard Poodle | S39: Dog | T39: 41005 | U39: 0 | V39: 0 | W39: Not applicable | X39: Camping - Friday night,Camping - Saturday night | Y39: Yes | Z39: No | AA39: No | AD39: Y
A40: Petersfield & District DTS - SATUDAY 31ST MAY AND SUNDAY 1ST JUNE 2025 | B40: 701 | C40: Mrs | D40: Tracy | E40: Ansell | F40: 9 Bates close | H40: HIGHAM FERRES | I40: NORTHANTS | J40: NN10 8HF | K40: United Kingdom | L40: 1933353038 | M40: srallebone9@gmail.com | N40: Mrs Tracy Ansell | P40: Somanic pop the cork for Chalkwell | Q40: AW02417801 | R40: standard poodle | S40: Bitch | T40: 43595 | U40: 0 | V40: 0 | W40: Not applicable | X40: Camping - Friday night,Camping - Saturday night | Y40: Yes | Z40: No | AA40: No | AD40: Y
A41: Petersfield & District DTS - SATUDAY 31ST MAY AND SUNDAY 1ST JUNE 2025 | B41: 701 | C41: Mrs | D41: Tracy | E41: Ansell | F41: 9 Bates close | H41: HIGHAM FERRES | I41: NORTHANTS | J41: NN10 8HF | K41: United Kingdom | L41: 1933353038 | M41: srallebone9@gmail.com | N41: Mrs Tracy Ansell | P41: Somanic Wotsit All About at Chalkwell | Q41: AR02247801 | R41: Standard Poodle | S41: Bitch | T41: 41773 | U41: 0 | V41: 0 | W41: Not applicable | X41: Camping - Friday night,Camping - Saturday night | Y41: Yes | Z41: No | AA41: No | AD41: Y
A42: Petersfield & District DTS - SATUDAY 31ST MAY AND SUNDAY 1ST JUNE 2025 | B42: 701 | C42: Mrs | D42: Tracy | E42: Ansell | F42: 9 Bates close | H42: HIGHAM FERRES | I42: NORTHANTS | J42: NN10 8HF | K42: United Kingdom | L42: 1933353038 | M42: srallebone9@gmail.com | N42: Mrs Tracy Ansell | P42: CH Chalkwell Express Yourself | Q42: AP01851801 | R42: Standard Poodle | S42: Dog | T42: 41005 | U42: 0 | V42: 0 | W42: Not applicable | X42: Camping - Friday night,Camping - Saturday night | Y42: Yes | Z42: No | AA42: No | AD42: Y
A43: Petersfield & District DTS - SATUDAY 31ST MAY AND SUNDAY 1ST JUNE 2025 | B43: 701 | C43: Mrs | D43: Tracy | E43: Ansell | F43: 9 Bates close | H43: HIGHAM FERRES | I43: NORTHANTS | J43: NN10 8HF | K43: United Kingdom | L43: 1933353038 | M43: srallebone9@gmail.com | N43: Mrs Tracy Ansell | P43: Somanic pop the cork for Chalkwell | Q43: AW02417801 | R43: standard poodle | S43: Bitch | T43: 43595 | U43: 0 | V43: 0 | W43: Not applicable | X43: Camping - Friday night,Camping - Saturday night | Y43: Yes | Z43: No | AA43: No | AD43: Y
A44: Petersfield & District DTS - SATUDAY 31ST MAY AND SUNDAY 1ST JUNE 2025 | B44: 701 | C44: Mrs | D44: Tracy | E44: Ansell | F44: 9 Bates close | H44: HIGHAM FERRES | I44: NORTHANTS | J44: NN10 8HF | K44: United Kingdom | L44: 1933353038 | M44: srallebone9@gmail.com | N44: Mrs Tracy Ansell | P44: Somanic Wotsit All About at Chalkwell | Q44: AR02247801 | R44: Standard Poodle | S44: Bitch | T44: 41773 | U44: 0 | V44: 0 | W44: Not applicable | X44: Camping - Friday night,Camping - Saturday night | Y44: Yes | Z44: No | AA44: No | AD44: Y
A45: Petersfield & District DTS - SATUDAY 31ST MAY AND SUNDAY 1ST JUNE 2025 | B45: 2342 | C45: Miss | D45: Katrina | E45: Arnold | F45: 17 Eden Way | H45: Warlingham | I45: Surrey | J45: CR6 9DP | K45: United Kingdom | L45: 7778388879 | M45: katrina.arnold@btinternet.com | N45: Katrina Arnold | P45: Tilemash Just In Time | Q45: KO275197 | R45: Working Sheepdog | S45: Dog | T45: 45348 | U45: 0 | V45: 4 | W45: Michelle Richmond | Y45: Yes | Z45: No | AA45: No | AD45: Y
A46: Petersfield & District DTS - SATUDAY 31ST MAY AND SUNDAY 1ST JUNE 2025 | B46: 2342 | C46: Miss | D46: Katrina | E46: Arnold | F46: 17 Eden Way | H46: Warlingham | I46: Surrey | J46: CR6 9DP | K46: United Kingdom | L46: 7778388879 | M46: katrina.arnold@btinternet.com | N46: Katrina Arnold | P46: DeeAnn Reckless Eric | Q46: AV03405102 | R46: Border Collie | S46: Dog | T46: 43302 | U46: 0 | V46: 5 | W46: Kathy Case | Y46: Yes | Z46: No | AA46: No | AD46: Y
A47: Petersfield & District DTS - SATUDAY 31ST MAY AND SUNDAY 1ST JUNE 2025 | B47: 2342 | C47: Miss | D47: Katrina | E47: Arnold | F47: 17 Eden Way | H47: Warlingham | I47: Surrey | J47: CR6 9DP | K47: United Kingdom | L47: 7778388879 | M47: katrina.arnold@btinternet.com | N47: Katrina Arnold | P47: DeeAnn Reckless Eric | Q47: AV03405102 | R47: Border Collie | S47: Dog | T47: 43302 | U47: 0 | V47: 6 | W47: Sue Monk | Y47: Yes | Z47: No | AA47: No | AD47: Y
A48: Petersfield & District DTS - SATUDAY 31ST MAY AND SUNDAY 1ST JUNE 2025 | B48: 2342 | C48: Miss | D48: Katrina | E48: Arnold | F48: 17 Eden Way | H48: Warlingham | I48: Surrey | J48: CR6 9DP | K48: United Kingdom | L48: 7778388879 | M48: katrina.arnold@btinternet.com | N48: Miss K Arnold | P48: DeeAnn Reckless Eric | Q48: AV03405102 | R48: Border Collie | S48: Dog | T48: 43302 | U48: 0 | V48: 0 | W48: Not applicable | Y48: Yes | Z48: No | AA48: No | AD48: Y
A49: Petersfield & District DTS - SATUDAY 31ST MAY AND SUNDAY 1ST JUNE 2025 | B49: 2342 | C49: Miss | D49: Katrina | E49: Arnold | F49: 17 Eden Way | H49: Warlingham | I49: Surrey | J49: CR6 9DP | K49: United Kingdom | L49: 7778388879 | M49: katrina.arnold@btinternet.com | N49: Miss K Arnold | P49: Tilemash Just In Time | Q49: KO275197 | R49: Working Sheepdog | S49: Dog | T49: 45348 | U49: 0 | V49: 0 | W49: Not applicable | Y49: Yes | Z49: No | AA49: No | AD49: Y
A50: Petersfield & District DTS - SATUDAY 31ST MAY AND SUNDAY 1ST JUNE 2025 | B50: 2162 | C50: Miss | D50: Julie | E50: Askew | F50: 10 devizes road Rowde | H50: Devizes | I50: wiltshire | J50: SN10 2LZ | K50: United Kingdom | L50: 1380721236 | M50: ask3w@live.co.uk | N50: Julie Askew | P50: Rainbowsky Majorca Snow | Q50: AR04371906 | R50: Golden Retriever | S50: Bitch | T50: 41975 | U50: 0 | V50: 2 | Y50: Yes | Z50: No | AA50: No | AD50: Y
A51: Petersfield & District DTS - SATUDAY 31ST MAY AND SUNDAY 1ST JUNE 2025 | B51: 2162 | C51: Miss | D51: Julie | E51: Askew | F51: 10 devizes road Rowde | H51: Devizes | I51: wiltshire | J51: SN10 2LZ | K51: United Kingdom | L51: 1380721236 | M51: ask3w@live.co.uk | N51: Julie Askew | P51: Rainbowsky Majorca Snow | Q51: AR04371906 | R51: Golden Retriever | S51: Bitch | T51: 41975 | U51: 0 | V51: 3 | Y51: Yes | Z51: No | AA51: No | AD51: Y
A52: Petersfield & District DTS - SATUDAY 31ST MAY AND SUNDAY 1ST JUNE 2025 | B52: 1549 | C52: Miss | D52: Nicola | E52: Barry | F52: 33 Jubilee Road | G52: Stokenchurch | H52: High Wycombe | I52: Buckinghamshire | J52: HP14 3SH | K52: United Kingdom | L52: 7989311982 | M52: nicolajbarry1@hotmail.com | N52: Nicola Barry | P52: Skybound Little Comet | Q52: AS01479705 | R52: Border Collie | S52: Bitch | T52: 42085 | U52: 0 | V52: 0 | W52: Not applicable | Y52: Yes | Z52: No | AA52: No | AD52: Y
A53: Petersfield & District DTS - SATUDAY 31ST MAY AND SUNDAY 1ST JUNE 2025 | B53: 1549 | C53: Miss | D53: Nicola | E53: Barry | F53: 33 Jubilee Road | G53: Stokenchurch | H53: High Wycombe | I53: Buckinghamshire | J53: HP14 3SH | K53: United Kingdom | L53: 7989311982 | M53: nicolajbarry1@hotmail.com | N53: Nicola Barry | P53: Tambuzi Wild Guess | Q53: BB25049704 | R53: Border Collie | S53: Dog | T53: 45442 | U53: 0 | V53: 0 | W53: Not applicable | Y53: Yes | Z53: No | AA53: No | AD53: Y
A54: Petersfield & District DTS - SATUDAY 31ST MAY AND SUNDAY 1ST JUNE 2025 | B54: 1549 | C54: Miss | D54: Nicola | E54: Barry | F54: 33 Jubilee Road | G54: Stokenchurch | H54: High Wycombe | I54: Buckinghamshire | J54: HP14 3SH | K54: United Kingdom | L54: 7989311982 | M54: nicolajbarry1@hotmail.com | N54: Nicola Barry | P54: Skybound Little Comet | Q54: AS01479705 | R54: Border Collie | S54: Bitch | T54: 42085 | U54: 0 | V54: 0 | W54: Not applicable | Y54: Yes | Z54: No | AA54: No | AD54: Y
A55: Petersfield & District DTS - SATUDAY 31ST MAY AND SUNDAY 1ST JUNE 2025 | B55: 1549 | C55: Miss | D55: Nicola | E55: Barry | F55: 33 Jubilee Road | G55: Stokenchurch | H55: High Wycombe | I55: Buckinghamshire | J55: HP14 3SH | K55: United Kingdom | L55: 7989311982 | M55: nicolajbarry1@hotmail.com | N55: Nicola Barry | P55: Tambuzi Wild Guess | Q55: BB25049704 | R55: Border Collie | S55: Dog | T55: 45442 | U55: 0 | V55: 0 | W55: Not applicable | Y55: Yes | Z55: No | AA55: No | AD55: Y
A56: Petersfield & District DTS - SATUDAY 31ST MAY AND SUNDAY 1ST JUNE 2025 | B56: 1384 | C56: Mrs | D56: kate | E56: Bartram | F56: Bromptons Cottage | G56: Colne Engaine | H56: Colchester | I56: Essex | J56: CO6 2HN | K56: United Kingdom | L56: 7921452558 | M56: katebartam21@gmail.com | N56: Kate Bartram | P56: Glorioso Rey De Reyes | Q56: F5-11065-2023 | R56: BSD | S56: Dog | T56: 44514 | U56: 0 | V56: 4 | W56: Michelle Richmond | Y56: Yes | Z56: No | AA56: No | AD56: Y
A57: Petersfield & District DTS - SATUDAY 31ST MAY AND SUNDAY 1ST JUNE 2025 | B57: 1384 | C57: Mrs | D57: kate | E57: Bartram | F57: Bromptons Cottage | G57: Colne Engaine | H57: Colchester | I57: Essex | J57: CO6 2HN | K57: United Kingdom | L57: 7921452558 | M57: katebartam21@gmail.com | N57: Kate Bartram | P57: Glorioso Rey De Reyes | Q57: F5-11065-2023 | R57: BSD | S57: Dog | T57: 44514 | U57: 0 | V57: 5 | W57: Kathy Case | Y57: Yes | Z57: No | AA57: No | AD57: Y
A58: Petersfield & District DTS - SATUDAY 31ST MAY AND SUNDAY 1ST JUNE 2025 | B58: 1131 | C58: Ms | D58: Donna | E58: Bastin | F58: 9 William Court | G58: Aspley | H58: Hemel Hempstead | I58: Herts | J58: HP3 0AY | K58: United Kingdom | L58: 01442 405387 | M58: donna.bastin@ntlworld.com | N58: Donna Bastin | P58: Landini New Vision Nov Ex | Q58: K154303 | R58: Working Sheepdog | S58: Bitch | T58: 42451 | U58: 0 | V58: 0 | W58: Not applicable | Y58: Yes | Z58: No | AA58: No | AD58: Y
A59: Petersfield & District DTS - SATUDAY 31ST MAY AND SUNDAY 1ST JUNE 2025 | B59: 1131 | C59: Ms | D59: Donna | E59: Bastin | F59: 9 William Court | G59: Aspley | H59: Hemel Hempstead | I59: Herts | J59: HP3 0AY | K59: United Kingdom | L59: 01442 405387 | M59: donna.bastin@ntlworld.com | N59: Donna Bastin | P59: Landini New Vision Nov Ex | Q59: K154303 | R59: Working Sheepdog | S59: Bitch | T59: 42451 | U59: 0 | V59: 0 | W59: Not applicable | Y59: Yes | Z59: No | AA59: No | AD59: Y
A60: Petersfield & District DTS - SATUDAY 31ST MAY AND SUNDAY 1ST JUNE 2025 | B60: 1131 | C60: Ms | D60: Donna | E60: Bastin | F60: 9 William Court | G60: Aspley | H60: Hemel Hempstead | I60: Herts | J60: HP3 0AY | K60: United Kingdom | L60: 01442 405387 | M60: donna.bastin@ntlworld.com | N60: Donna Bastin | P60: Kethinna My John Deere** B EX | Q60: AW0903477 | R60: Border Collie | S60: Dog | T60: 43217 | U60: 0 | V60: 6 | W60: Sue Monk | Y60: Yes | Z60: No | AA60: No | AD60: Y
A61: Petersfield & District DTS - SATUDAY 31ST MAY AND SUNDAY 1ST JUNE 2025 | B61: 1131 | C61: Ms | D61: Donna | E61: Bastin | F61: 9 William Court | G61: Aspley | H61: Hemel Hempstead | I61: Herts | J61: HP3 0AY | K61: United Kingdom | L61: 01442 405387 | M61: donna.bastin@ntlworld.com | N61: Donna Bastin | P61: Kethinna My John Deere** B EX | Q61: AW0903477 | R61: Border Collie | S61: Dog | T61: 43217 | U61: 0 | V61: 16 | Y61: Yes | Z61: No | AA61: No | AD61: Y
A62: Petersfield & District DTS - SATUDAY 31ST MAY AND SUNDAY 1ST JUNE 2025 | B62: 1131 | C62: Ms | D62: Donna | E62: Bastin | F62: 9 William Court | G62: Aspley | H62: Hemel Hempstead | I62: Herts | J62: HP3 0AY | K62: United Kingdom | L62: 01442 405387 | M62: donna.bastin@ntlworld.com | N62: Donna Bastin | P62: Kethinna My John Deere** B EX | Q62: AW0903477 | R62: Border Collie | S62: Dog | T62: 43217 | U62: 0 | V62: 18 | Y62: Yes | Z62: No | AA62: No | AD62: Y
A63: Petersfield & District DTS - SATUDAY 31ST MAY AND SUNDAY 1ST JUNE 2025 | B63: 892 | C63: Mrs | D63: Pat | E63: Batchelor | F63: 20 Redland Way | H63: Aylesbury | I63: Bucks | J63: HP21 9RJ | K63: United Kingdom | L63: 7956649566 | M63: patriciaanderson111@gmail.com | N63: Pat Batchelor | P63: Havastorm Dark Materials | Q63: AX01751603 | R63: Border Collie | S63: Bitch | T63: 43886 | U63: 0 | V63: 13 | Y63: Yes | Z63: No | AA63: Yes | AB63: Could I please have a running order in Novice with Havastorm Dark Materials. Thanks | AD63: Y
A64: Petersfield & District DTS - SATUDAY 31ST MAY AND SUNDAY 1ST JUNE 2025 | B64: 892 | C64: Mrs | D64: Pat | E64: Batchelor | F64: 20 Redland Way | H64: Aylesbury | I64: Bucks | J64: HP21 9RJ | K64: United Kingdom | L64: 7956649566 | M64: patriciaanderson111@gmail.com | N64: Pat Batchelor | P64: Havastorm Dark Materials | Q64: AX01751603 | R64: Border Collie | S64: Bitch | T64: 43886 | U64: 0 | V64: 15 | Y64: Yes | Z64: No | AA64: Yes | AB64: Could I please have a running order in Novice with Havastorm Dark Materials. Thanks | AD64: Y
A65: Petersfield & District DTS - SATUDAY 31ST MAY AND SUNDAY 1ST JUNE 2025 | B65: 892 | C65: Mrs | D65: Pat | E65: Batchelor | F65: 20 Redland Way | H65: Aylesbury | I65: Bucks | J65: HP21 9RJ | K65: United Kingdom | L65: 7956649566 | M65: patriciaanderson111@gmail.com | N65: Pat Batchelor | P65: Darkbeck Osprey | Q65: BA18364207 | R65: Border Collie | S65: Bitch | T65: 44869 | U65: 0 | V65: 13 | Y65: Yes | Z65: No | AA65: Yes | AB65: Could I please have a running order in Novice with Havastorm Dark Materials. Thanks | AD65: Y
A66: Petersfield & District DTS - SATUDAY 31ST MAY AND SUNDAY 1ST JUNE 2025 | B66: 892 | C66: Mrs | D66: Pat | E66: Batchelor | F66: 20 Redland Way | H66: Aylesbury | I66: Bucks | J66: HP21 9RJ | K66: United Kingdom | L66: 7956649566 | M66: patriciaanderson111@gmail.com | N66: Pat Batchelor | P66: Darkbeck Osprey | Q66: BA18364207 | R66: Border Collie | S66: Bitch | T66: 44869 | U66: 0 | V66: 15 | Y66: Yes | Z66: No | AA66: Yes | AB66: Could I please have a running order in Novice with Havastorm Dark Materials. Thanks | AD66: Y
A67: Petersfield & District DTS - SATUDAY 31ST MAY AND SUNDAY 1ST JUNE 2025 | B67: 237 | C67: Mrs | D67: Janet | E67: Bates | F67: 15 Brookside Avenue | H67: Ashford | I67: Middlesex | J67: TW15 3NH | K67: United Kingdom | L67: 1784246235 | M67: janbatesaussie4@hotmail.com | N67: Janet Bates | P67: Lamintone For The Joy Ride | Q67: BA18299404 | R67: Australian Shepherd | S67: Dog | T67: 44817 | U67: 0 | V67: 4 | W67: Michelle Richmond | X67: Camping - Friday night,Camping - Saturday night | Y67: Yes | Z67: No | AA67: No | AD67: Y
A68: Petersfield & District DTS - SATUDAY 31ST MAY AND SUNDAY 1ST JUNE 2025 | B68: 237 | C68: Mrs | D68: Janet | E68: Bates | F68: 15 Brookside Avenue | H68: Ashford | I68: Middlesex | J68: TW15 3NH | K68: United Kingdom | L68: 1784246235 | M68: janbatesaussie4@hotmail.com | N68: Janet Bates | P68: Lamintone For The Joy Ride | Q68: BA18299404 | R68: Australian Shepherd | S68: Dog | T68: 44817 | U68: 0 | V68: 5 | W68: Kathy Case | X68: Camping - Friday night,Camping - Saturday night | Y68: Yes | Z68: No | AA68: No | AD68: Y
A69: Petersfield & District DTS - SATUDAY 31ST MAY AND SUNDAY 1ST JUNE 2025 | B69: 237 | C69: Mrs | D69: Janet | E69: Bates | F69: 15 Brookside Avenue | H69: Ashford | I69: Middlesex | J69: TW15 3NH | K69: United Kingdom | L69: 1784246235 | M69: janbatesaussie4@hotmail.com | N69: Owner | P69: Birkcross Here's Gizmo Ow | Q69: AV01268706 | R69: Australian Shepherd | S69: Dog | T69: 43008 | U69: 0 | V69: 0 | W69: Not applicable | X69: Camping - Friday night,Camping - Saturday night | Y69: Yes | Z69: No | AA69: No | AD69: Y
A70: Petersfield & District DTS - SATUDAY 31ST MAY AND SUNDAY 1ST JUNE 2025 | B70: 237 | C70: Mrs | D70: Janet | E70: Bates | F70: 15 Brookside Avenue | H70: Ashford | I70: Middlesex | J70: TW15 3NH | K70: United Kingdom | L70: 1784246235 | M70: janbatesaussie4@hotmail.com | N70: Owner | P70: Taika star from Texas | Q70: K146124 | R70: Australian Shepherd Border Collie Cross | S70: Dog | T70: 41544 | U70: 0 | V70: 0 | W70: Not applicable | X70: Camping - Friday night,Camping - Saturday night | Y70: Yes | Z70: No | AA70: No | AD70: Y
A71: Petersfield & District DTS - SATUDAY 31ST MAY AND SUNDAY 1ST JUNE 2025 | B71: 237 | C71: Mrs | D71: Janet | E71: Bates | F71: 15 Brookside Avenue | H71: Ashford | I71: Middlesex | J71: TW15 3NH | K71: United Kingdom | L71: 1784246235 | M71: janbatesaussie4@hotmail.com | N71: Owner | P71: Taika star from Texas | Q71: K146124 | R71: Australian Shepherd Border Collie Cross | S71: Dog | T71: 41544 | U71: 0 | V71: 0 | W71: Not applicable | X71: Camping - Friday night,Camping - Saturday night | Y71: Yes | Z71: No | AA71: No | AD71: Y
A72: Petersfield & District DTS - SATUDAY 31ST MAY AND SUNDAY 1ST JUNE 2025 | B72: 237 | C72: Mrs | D72: Janet | E72: Bates | F72: 15 Brookside Avenue | H72: Ashford | I72: Middlesex | J72: TW15 3NH | K72: United Kingdom | L72: 1784246235 | M72: janbatesaussie4@hotmail.com | N72: Janet Bates | P72: Birkcross Here's Gizmo OW | Q72: AV01268706 | R72: Australian Shepherd | S72: Dog | T72: 43008 | U72: 0 | V72: 20 | X72: Camping - Friday night,Camping - Saturday night | Y72: Yes | Z72: No | AA72: No | AD72: Y
A73: Petersfield & District DTS - SATUDAY 31ST MAY AND SUNDAY 1ST JUNE 2025 | B73: 237 | C73: Mrs | D73: Janet | E73: Bates | F73: 15 Brookside Avenue | H73: Ashford | I73: Middlesex | J73: TW15 3NH | K73: United Kingdom | L73: 1784246235 | M73: janbatesaussie4@hotmail.com | N73: Janet Bates | P73: Lamintone For The Joy Ride | Q73: BA18299404 | R73: Australian Shepherd | S73: Dog | T73: 44817 | U73: 0 | V73: 12 | X73: Camping - Friday night,Camping - Saturday night | Y73: Yes | Z73: No | AA73: No | AD73: Y
A74: Petersfield & District DTS - SATUDAY 31ST MAY AND SUNDAY 1ST JUNE 2025 | B74: 681 | C74: Mrs | D74: Claire | E74: Bath | F74: 33 Fore Street | H74: Westbury | I74: Wiltshire | J74: BA13 3AU | K74: United Kingdom | L74: 7977869117 | M74: indigok9massage@gmail.com | N74: Claire Bath | P74: Lookylooky Rhythm n Booz | Q74: K133750 | R74: WSD | S74: Dog | T74: 40238 | U74: 0 | V74: 0 | W74: Not applicable | Y74: Yes | Z74: No | AA74: No | AD74: Y
A75: Petersfield & District DTS - SATUDAY 31ST MAY AND SUNDAY 1ST JUNE 2025 | B75: 681 | C75: Mrs | D75: Claire | E75: Bath | F75: 33 Fore Street | H75: Westbury | I75: Wiltshire | J75: BA13 3AU | K75: United Kingdom | L75: 7977869117 | M75: indigok9massage@gmail.com | N75: Claire Bath | P75: Stillrockin Back to Rehab | Q75: K136979 | R75: WSD | S75: Dog | T75: 40585 | U75: 0 | V75: 0 | W75: Not applicable | Y75: Yes | Z75: No | AA75: No | AD75: Y
A76: Petersfield & District DTS - SATUDAY 31ST MAY AND SUNDAY 1ST JUNE 2025 | B76: 681 | C76: Mrs | D76: Claire | E76: Bath | F76: 33 Fore Street | H76: Westbury | I76: Wiltshire | J76: BA13 3AU | K76: United Kingdom | L76: 7977869117 | M76: indigok9massage@gmail.com | N76: Claire Bath | P76: Forever Magic Soul Sister | Q76: K0273799 | R76: Working Sheepdog | S76: Bitch | T76: 45257 | U76: 0 | V76: 15 | Y76: Yes | Z76: No | AA76: No | AD76: Y
A77: Petersfield & District DTS - SATUDAY 31ST MAY AND SUNDAY 1ST JUNE 2025 | B77: 681 | C77: Mrs | D77: Claire | E77: Bath | F77: 33 Fore Street | H77: Westbury | I77: Wiltshire | J77: BA13 3AU | K77: United Kingdom | L77: 7977869117 | M77: indigok9massage@gmail.com | N77: Claire Bath | P77: Forever Magic Soul Sister | Q77: K0273799 | R77: Working Sheepdog | S77: Bitch | T77: 45257 | U77: 0 | V77: 17 | Y77: Yes | Z77: No | AA77: No | AD77: Y
A78: Petersfield & District DTS - SATUDAY 31ST MAY AND SUNDAY 1ST JUNE 2025 | B78: 681 | C78: Mrs | D78: Claire | E78: Bath | F78: 33 Fore Street | H78: Westbury | I78: Wiltshire | J78: BA13 3AU | K78: United Kingdom | L78: 7977869117 | M78: indigok9massage@gmail.com | N78: Claire Bath | P78: Lookylooky Azbo Ego | Q78: K162970 | R78: Working Sheepdog | S78: Dog | T78: 43393 | U78: 0 | V78: 16 | Y78: Yes | Z78: No | AA78: No | AD78: Y
A79: Petersfield & District DTS - SATUDAY 31ST MAY AND SUNDAY 1ST JUNE 2025 | B79: 681 | C79: Mrs | D79: Claire | E79: Bath | F79: 33 Fore Street | H79: Westbury | I79: Wiltshire | J79: BA13 3AU | K79: United Kingdom | L79: 7977869117 | M79: indigok9massage@gmail.com | N79: Claire Bath | P79: Longwaves Tempa Mental OW | Q79: K151445 | R79: Working Sheepdog | S79: Bitch | T79: 42069 | U79: 0 | V79: 19 | Y79: Yes | Z79: No | AA79: No | AD79: Y
A80: Petersfield & District DTS - SATUDAY 31ST MAY AND SUNDAY 1ST JUNE 2025 | B80: 681 | C80: Mrs | D80: Claire | E80: Bath | F80: 33 Fore Street | H80: Westbury | I80: Wiltshire | J80: BA13 3AU | K80: United Kingdom | L80: 7977869117 | M80: indigok9massage@gmail.com | N80: Claire Bath | P80: Longwaves Tempa Mental OW | Q80: K151445 | R80: Working Sheepdog | S80: Bitch | T80: 42069 | U80: 0 | V80: 21 | Y80: Yes | Z80: No | AA80: No | AD80: Y
A81: Petersfield & District DTS - SATUDAY 31ST MAY AND SUNDAY 1ST JUNE 2025 | B81: 96 | C81: Mr | D81: Russell | E81: Becque | F81: 74 Lime Grove | G81: Paulsgrove | H81: Portsmouth | I81: Hampshire | J81: PO6 4DQ | K81: United Kingdom | L81: 023 9237 0909 | M81: russell@amcbt.com | N81: Mr Russell Becque | P81: Bounceback Milo | Q81: K0262240 | R81: Working Cocker Spaniel | S81: Dog | T81: 43238 | U81: 0 | V81: 0 | W81: Not applicable | Y81: Yes | Z81: No | AA81: No | AD81: Y
A82: Petersfield & District DTS - SATUDAY 31ST MAY AND SUNDAY 1ST JUNE 2025 | B82: 96 | C82: Mr | D82: Russell | E82: Becque | F82: 74 Lime Grove | G82: Paulsgrove | H82: Portsmouth | I82: Hampshire | J82: PO6 4DQ | K82: United Kingdom | L82: 023 9237 0909 | M82: russell@amcbt.com | N82: Mr Russell Becque | P82: Tazzzman of Blumoon | Q82: K141206 | R82: Siberian Husky x G.S.D. | S82: Dog | T82: 40713 | U82: 0 | V82: 0 | W82: Not applicable | Y82: Yes | Z82: No | AA82: No | AD82: Y
A83: Petersfield & District DTS - SATUDAY 31ST MAY AND SUNDAY 1ST JUNE 2025 | B83: 96 | C83: Mr | D83: Russell | E83: Becque | F83: 74 Lime Grove | G83: Paulsgrove | H83: Portsmouth | I83: Hampshire | J83: PO6 4DQ | K83: United Kingdom | L83: 023 9237 0909 | M83: russell@amcbt.com | N83: Mr Russell Becque | P83: Bounceback Milo | Q83: K0262240 | R83: Working Cocker Spaniel | S83: Dog | T83: 43238 | U83: 0 | V83: 0 | W83: Not applicable | Y83: Yes | Z83: No | AA83: No | AD83: Y
A84: Petersfield & District DTS - SATUDAY 31ST MAY AND SUNDAY 1ST JUNE 2025 | B84: 96 | C84: Mr | D84: Russell | E84: Becque | F84: 74 Lime Grove | G84: Paulsgrove | H84: Portsmouth | I84: Hampshire | J84: PO6 4DQ | K84: United Kingdom | L84: 023 9237 0909 | M84: russell@amcbt.com | N84: Mr Russell Becque | P84: Tazzzman of Blumoon | Q84: K141206 | R84: Siberian Husky x G.S.D. | S84: Dog | T84: 40713 | U84: 0 | V84: 0 | W84: Not applicable | Y84: Yes | Z84: No | AA84: No | AD84: Y
A85: Petersfield & District DTS - SATUDAY 31ST MAY AND SUNDAY 1ST JUNE 2025 | B85: 96 | C85: Mr | D85: Russell | E85: Becque | F85: 74 Lime Grove | G85: Paulsgrove | H85: Portsmouth | I85: Hampshire | J85: PO6 4DQ | K85: United Kingdom | L85: 023 9237 0909 | M85: russell@amcbt.com | N85: Russell Becque | P85: Haskaheim Sarah | Q85: AV04032804 | R85: BSD (Malinois) | S85: Bitch | T85: 43330 | U85: 0 | V85: 7 | Y85: Yes | Z85: No | AA85: No | AD85: Y
A86: Petersfield & District DTS - SATUDAY 31ST MAY AND SUNDAY 1ST JUNE 2025 | B86: 96 | C86: Mr | D86: Russell | E86: Becque | F86: 74 Lime Grove | G86: Paulsgrove | H86: Portsmouth | I86: Hampshire | J86: PO6 4DQ | K86: United Kingdom | L86: 023 9237 0909 | M86: russell@amcbt.com | N86: Russell Becque | P86: Haskaheim Sarah | Q86: AV04032804 | R86: BSD (Malinois) | S86: Bitch | T86: 43330 | U86: 0 | V86: 19 | Y86: Yes | Z86: No | AA86: No | AD86: Y
A87: Petersfield & District DTS - SATUDAY 31ST MAY AND SUNDAY 1ST JUNE 2025 | B87: 2370 | C87: Ms | D87: Julie | E87: Behagg | F87: 45 St Clair Close | H87: Oxted | I87: Surrey | J87: RH89JP | K87: United Kingdom | L87: 7941875227 | M87: julie_behagg@hotmail.co.uk | N87: Julie Behagg | P87: Stormlake's Charmer | Q87: AY07356803 | R87: GSD | S87: Dog | T87: 44280 | U87: 0 | V87: 6 | W87: Sue Monk | X87: Camping - Friday night,Camping - Saturday night | Y87: Yes | Z87: No | AA87: No | AD87: Y
A88: Petersfield & District DTS - SATUDAY 31ST MAY AND SUNDAY 1ST JUNE 2025 | B88: 2370 | C88: Ms | D88: Julie | E88: Behagg | F88: 45 St Clair Close | H88: Oxted | I88: Surrey | J88: RH89JP | K88: United Kingdom | L88: 7941875227 | M88: julie_behagg@hotmail.co.uk | N88: Julie Behagg | P88: Stormlake's Charmer | Q88: AY07356803 | R88: GSD | S88: Dog | T88: 44280 | U88: 0 | V88: 16 | X88: Camping - Friday night,Camping - Saturday night | Y88: Yes | Z88: No | AA88: No | AD88: Y
A89: Petersfield & District DTS - SATUDAY 31ST MAY AND SUNDAY 1ST JUNE 2025 | B89: 2370 | C89: Ms | D89: Julie | E89: Behagg | F89: 45 St Clair Close | H89: Oxted | I89: Surrey | J89: RH89JP | K89: United Kingdom | L89: 7941875227 | M89: julie_behagg@hotmail.co.uk | N89: Mrs Julie Behagg | P89: Stormlake's Quest of KY | Q89: BA19708204 | R89: German Shepherd Dog | S89: Dog | T89: 45015 | U89: 0 | V89: 0 | W89: Not applicable | X89: Camping - Friday night,Camping - Saturday night | Y89: Yes | Z89: No | AA89: No | AD89: Y
A90: Petersfield & District DTS - SATUDAY 31ST MAY AND SUNDAY 1ST JUNE 2025 | B90: 2370 | C90: Ms | D90: Julie | E90: Behagg | F90: 45 St Clair Close | H90: Oxted | I90: Surrey | J90: RH89JP | K90: United Kingdom | L90: 7941875227 | M90: julie_behagg@hotmail.co.uk | N90: Mrs Julie Behagg | P90: Stormlake's Quest of KY | Q90: BA19708204 | R90: German Shepherd Dog | S90: Dog | T90: 45015 | U90: 0 | V90: 0 | W90: Not applicable | X90: Camping - Friday night,Camping - Saturday night | Y90: Yes | Z90: No | AA90: No | AD90: Y
A91: Petersfield & District DTS - SATUDAY 31ST MAY AND SUNDAY 1ST JUNE 2025 | B91: 197 | C91: Mr | D91: Andrew | E91: Biggs | F91: 37 Broadshard Lane | H91: Ringwood | I91: Hampshire | J91: BH24 1RP | K91: United Kingdom | L91: 441425470839 | M91: andrew_biggs@btinternet.com | N91: Andrew Biggs | P91: Reggie Hill Billy | Q91: K0261855 | R91: Working Sheepdog | S91: Dog | T91: 44157 | U91: 0 | V91: 11 | Y91: Yes | Z91: No | AA91: No | AB91: Reggie competing in Beginners under rule change._x000D_ Also, need disable parking if available._x000D_ Thanks | AD91: Y
A92: Petersfield & District DTS - SATUDAY 31ST MAY AND SUNDAY 1ST JUNE 2025 | B92: 197 | C92: Mr | D92: Andrew | E92: Biggs | F92: 37 Broadshard Lane | H92: Ringwood | I92: Hampshire | J92: BH24 1RP | K92: United Kingdom | L92: 441425470839 | M92: andrew_biggs@btinternet.com | N92: Andrew Biggs | P92: Jimmy Hill Billy | Q92: K159739 | R92: Border Collie | S92: Dog | T92: 42646 | U92: 0 | V92: 12 | Y92: Yes | Z92: No | AA92: No | AB92: Reggie competing in Beginners under rule change._x000D_ Also, need disable parking if available._x000D_ Thanks | AD92: Y
A93: Petersfield & District DTS - SATUDAY 31ST MAY AND SUNDAY 1ST JUNE 2025 | B93: 197 | C93: Mr | D93: Andrew | E93: Biggs | F93: 37 Broadshard Lane | H93: Ringwood | I93: Hampshire | J93: BH24 1RP | K93: United Kingdom | L93: 441425470839 | M93: andrew_biggs@btinternet.com | N93: Andrew Biggs | P93: Reggie Hill Billy | Q93: K0261855 | R93: Working Sheepdog | S93: Dog | T93: 44157 | U93: 0 | V93: 12 | Y93: Yes | Z93: No | AA93: No | AB93: Reggie competing in Beginners under rule change._x000D_ Also, need disable parking if available._x000D_ Thanks | AD93: Y
A94: Petersfield & District DTS - SATUDAY 31ST MAY AND SUNDAY 1ST JUNE 2025 | B94: 1099 | C94: Mrs | D94: Wendy | E94: Birch | F94: 2 Merrow Drive | G94: Warners End | H94: Hemel Hempstead | I94: Hertfordshire | J94: HP1 2LZ | K94: United Kingdom | L94: 01442 396498 | M94: wendyandian@ntlworld.com | N94: Wendy Birch | P94: Westoning Just Krystie of Greyvalley | Q94: K0266802 | R94: Working Sheepdog | S94: Bitch | T94: 44690 | U94: 0 | V94: 13 | Y94: Yes | Z94: No | AA94: No | AD94: Y
A95: Petersfield & District DTS - SATUDAY 31ST MAY AND SUNDAY 1ST JUNE 2025 | B95: 1099 | C95: Mrs | D95: Wendy | E95: Birch | F95: 2 Merrow Drive | G95: Warners End | H95: Hemel Hempstead | I95: Hertfordshire | J95: HP1 2LZ | K95: United Kingdom | L95: 01442 396498 | M95: wendyandian@ntlworld.com | N95: Wendy Birch | P95: Goytre Helter Skelter of Greyvalley | Q95: AW03773506 | R95: Border Collie | S95: Dog | T95: 43720 | U95: 0 | V95: 16 | Y95: Yes | Z95: No | AA95: No | AD95: Y
A96: Petersfield & District DTS - SATUDAY 31ST MAY AND SUNDAY 1ST JUNE 2025 | B96: 1099 | C96: Mrs | D96: Wendy | E96: Birch | F96: 2 Merrow Drive | G96: Warners End | H96: Hemel Hempstead | I96: Hertfordshire | J96: HP1 2LZ | K96: United Kingdom | L96: 01442 396498 | M96: wendyandian@ntlworld.com | N96: Wendy Birch | P96: Coolpawz Just Joey of Greyvalley | Q96: AS01113204 | R96: Border Collie | S96: Dog | T96: 42011 | U96: 0 | V96: 18 | Y96: Yes | Z96: No | AA96: No | AD96: Y
A97: Petersfield & District DTS - SATUDAY 31ST MAY AND SUNDAY 1ST JUNE 2025 | B97: 1099 | C97: Mrs | D97: Wendy | E97: Birch | F97: 2 Merrow Drive | G97: Warners End | H97: Hemel Hempstead | I97: Hertfordshire | J97: HP1 2LZ | K97: United Kingdom | L97: 01442 396498 | M97: wendyandian@ntlworld.com | N97: Wendy Birch | P97: Coolpawz Just Joey of Greyvalley | Q97: AS01113204 | R97: Border Collie | S97: Dog | T97: 42011 | U97: 0 | V97: 20 | Y97: Yes | Z97: No | AA97: No | AD97: Y
A98: Petersfield & District DTS - SATUDAY 31ST MAY AND SUNDAY 1ST JUNE 2025 | B98: 2661 | C98: Miss | D98: Kylie | E98: Birch | F98: 24 Leith View | G98: North Holmwood | H98: Dorking | I98: Surrey | J98: RH54TG | K98: United Kingdom | L98: 7918939154 | M98: kjbirch5@gmail.com | N98: Kylie Birch | P98: Ch. Adaluma High Speed | Q98: AW00761101 | R98: Australian Cattle Dog | S98: Dog | T98: 43483 | U98: 0 | V98: 12 | Y98: Yes | Z98: No | AA98: No | AD98: Y
A99: Petersfield & District DTS - SATUDAY 31ST MAY AND SUNDAY 1ST JUNE 2025 | B99: 2661 | C99: Miss | D99: Kylie | E99: Birch | F99: 24 Leith View | G99: North Holmwood | H99: Dorking | I99: Surrey | J99: RH54TG | K99: United Kingdom | L99: 7918939154 | M99: kjbirch5@gmail.com | N99: Kylie Birch | P99: Adaluma Exe Files | Q99: BB23800803 | R99: Australian Cattle Dog | S99: Bitch | T99: 45233 | U99: 0 | V99: 13 | Y99: Yes | Z99: No | AA99: No | AD99: Y
A100: Petersfield & District DTS - SATUDAY 31ST MAY AND SUNDAY 1ST JUNE 2025 | B100: 2661 | C100: Miss | D100: Kylie | E100: Birch | F100: 24 Leith View | G100: North Holmwood | H100: Dorking | I100: Surrey | J100: RH54TG | K100: United Kingdom | L100: 7918939154 | M100: kjbirch5@gmail.com | N100: Kylie Birch | P100: Ch. Adaluma High Speed | Q100: AW00761101 | R100: Australian Cattle Dog | S100: Dog | T100: 43483 | U100: 0 | V100: 14 | Y100: Yes | Z100: No | AA100: No | AD100: Y
...

Sheet Ring numbers
A1: Surname | B1: Dog | F1: Surname | G1: Dog
A2: Abbott | B2: Mosquito Meep | F2: Abbott | G2: Mosquito Meep | H2: 1
A3: Abbott | B3: RI COCO THE CLOWN | F3: Abbott | G3: RI COCO THE CLOWN | H3: 2
A4: Abraham | B4: KALIAZAR ECLIPSE | F4: Abraham | G4: KALIAZAR ECLIPSE | H4: 3
A5: Abraham | B5: KALIAZAR ECLIPSE | F5: Aburn | G5: Sapphire Inferno Sky | H5: 4
A6: Abraham | B6: KALIAZAR ECLIPSE | F6: Aldridge | G6: Candlewind Cassanova at Malaridge | H6: 5
A7: Abraham | B7: KALIAZAR ECLIPSE | F7: Aldridge | G7: Malaridge Dark Side of Moon | H7: 6
A8: Aburn | B8: Sapphire Inferno Sky | F8: Aldridge | G8: Malaridge Poachers Moon | H8: 7
A9: Aburn | B9: Sapphire Inferno Sky | F9: Aldridge | G9: Malaridge Sappire Sunset | H9: 8
A10: Aburn | B10: Sapphire Inferno Sky | F10: Aldridge | G10: Tigrys Treacle Tart at Malaridge | H10: 9
A11: Aburn | B11: Sapphire Inferno Sky | F11: Allen | G11: Torlake Red Nov Ex | H11: 10
A12: Aldridge | B12: Candlewind Cassanova at Malaridge | F12: Ansell | G12: Buskru Go With the Flo | H12: 11
A13: Aldridge | B13: Malaridge Dark Side of Moon | F13: Ansell | G13: Chalkwell Worth a Shot | H13: 12
... A351: Hatton | B351: Pawsbox Fynn the Whiner (AZ1) | F351: York | G351: Rooqui‚Äôs Cruzing On By | H351: 350
A352: Hatton | B352: Pawsbox Fynn the Whiner (AZ1)
A353: Hearne & Manning | B353: Stormlake's Casanova Eyes
A354: Hearne & Manning | B354: Stormlake's Casanova Eyes
A355: hewitt | B355: Hewthorn goblet of fire
A356: hewitt | B356: Hewthorn under siege
A357: hewitt | B357: Hewthorn under siege
A358: hill | B358: Calanhaf Strictly Ore'
A359: hill | B359: Calanhaf Strictly Ore'
A360: Hilton | B360: OB CH Zanyway Great Expectations
A361: Holmes | B361: Firetouch Might Be A Winner
A362: Holmes | B362: Firetouch Might Be A Winner
A363: Holmes | B363: Firetouch Might Be A Winner
... A805: York | B805: Rooqui‚Äôs Cruzing On By

Sheet Camping summary
D1: Friday | E1: Saturday | F1: Sunday
A2: Tracy Ansell | B2: 1933353038 | C2: srallebone9@gmail.com | D2: 1 | E2: 1
A3: Janet Bates | B3: 1784246235 | C3: janbatesaussie4@hotmail.com | D3: 1 | E3: 1
A4: Julie Behagg | B4: 7941875227 | C4: julie_behagg@hotmail.co.uk | D4: 1 | E4: 1
A5: Chris Blenkinsop | B5: 1932761191 | C5: chrisblenkinsop79@gmail.com | D5: 1 | E5: 1
A6: Isabel Bradley | B6: 1980629343 | C6: ibbradley@btinternet.com | D6: 1 | E6: 1 | F6: 1
A7: Karen Branthwaite | B7: 7799071166 | C7: karencollies@gmail.com | D7: 1 | E7: FREE | G7: Judge Sunday
A8: Pat Burford | B8: 1737765745 | C8: dizzytonic@gmail.com | E8: 1
A9: Lesley Campbell | B9: 7527058454 | C9: lrmcampbell@googlemail.com | D9: 1
A10: Pam Casado | B10: 1273696474 | C10: pam.casado@outlook.com | D10: 1 | E10: 1
A11: Carol Clack | B11: 1993844805 | C11: clackcarol@gmail.com | D11: 1 | E11: 1 | F11: 1
A12: Rebecca Coleman | B12: 07949 345156 | C12: rebeccacoleman1002@gmail.com | D12: 1 | E12: 1 | F12: 1
A13: Helen Connolly | B13: 01202 693883 | C13: helenmconnolly@btinternet.com | D13: 1 | E13: 1 | F13: 1
A14: Sally Craik | B14: 023 80907521 | C14: keithgreyhair@outlook.com | D14: 1 | E14: 1
A15: Susanne Crowhurst | B15: 7979120188 | C15: susy.crowhurst@yahoo.com | D15: 1 | E15: 1
A16: Sandra Curry | B16: 1628664403 | C16: sandra_curry@sky.com | D16: 1 | E16: 1 | F16: 1
A17: Monika Dobbs | B17: 01525 643734 | C17: monikadobbs@hotmail.co.uk | D17: 1 | E17: 1
A18: Jackie Downey | B18: 1483824780 | C18: jackie.downey2@ntlworld.com | D18: 1 | E18: FREE | G18: Steward Sunday
A19: Angela Einon | B19: 1235831578 | C19: angela.einon@gmail.com | D19: 1 | E19: 1 | F19: 1
A20: William Forrest | B20: 7825669139 | C20: ann.forrest@ntlworld.com | D20: 1 | E20: 1
A21: Emma Galbraith | B21: 7845904898 | C21: hago72@outlook.com | D21: 1 | E21: 1
A22: Joe Game | B22: 1945428737 | C22: joedemi@virginmedia.com | D22: 1 | E22: 1
A23: Dave Gillett | B23: 1277210228 | C23: widgits@sky.com | D23: 1 | E23: FREE | F23: 1 | G23: Scribe Sunday
A24: Jan Green | B24: 1375847083 | C24: northstifforddtc@msn.com | D24: 1 | E24: 1
A25: Sue Gunson | B25: 01590 681187 | C25: swaydogs@gmail.com | D25: 1 | E25: 1
A26: karen harrison | B26: 01494 474598 | C26: hiflyer_66@hotmail.com | E26: 1
A27: C & L Hearne & Manning | B27: 7734031945 | C27: mannie204@yahoo.co.uk | D27: 1 | E27: 1
A28: Linda Hughes | B28: 1787228204 | C28: linda@foxhallsolutions.com | D28: 1 | E28: 1
A29: Julie Jones | B29: 7724748246 | C29: gizmo6187@gmail.com | F29: 1
A30: Jane Levell | B30: 1922452976 | C30: jane.levell@hotmail.co.uk | D30: 1 | E30: 1
A31: Kay Leverington | B31: 01483 560395 | C31: john.leverington1@virginmedia.com | D31: 1 | E31: 1
A32: Diane Lincoln | B32: 7842075908 | C32: dianell66@googlemail.com | D32: 1 | E32: 1
A33: Julie Osborne | B33: 1494445004 | C33: jules3063@sky.com | E33: 1
A34: Linda Plows | B34: 7803365872 | C34: linda.plows@hotmail.co.uk | D34: 1 | E34: 1
A35: Jackie Pryke | D35: FREE | E35: FREE
A36: Velma Sellens | B36: 01424 441238 | C36: sellensv@aol.com | D36: 1 | E36: 1
A37: Barbara Short | B37: 1883347721 | C37: colliecorner@hotmail.co.uk | D37: 1 | E37: 1
A38: Rosemary Sparkes | B38: 01323 842362 | C38: rosesparkes@gmail.com | D38: 1 | E38: 1
A39: Geraldine Steadman | B39: 7891477539 | C39: geraldinesteadman@hotmail.com | D39: 1 | E39: 1
A40: Carol Stewart | B40: 01795 585401 | C40: carol@mojucabordercollies.com | E40: 1
A41: Gaynor Taylor | B41: 7581693165 | C41: gaynor267@btinternet.com | D41: 1 | E41: 1
A42: Betsy Thorley | B42: 01264 352099 | C42: baylissthorley@gmail.com | D42: 1 | E42: 1
A43: Suzy Tooley | B43: 1525719311 | C43: keenmachine@yahoo.co.uk | D43: 1 | E43: 1
A44: Lilian Turner | B44: N/A | C44: lilian.doghouse25@gmail.com | D44: 1 | E44: 1 | G44: do I get one free? Not staying Sunday night.
A45: Marianne van Gils | B45: 7790465184 | C45: wagginmutt@gmail.com | D45: 1 | E45: 1
A46: Jane Webb | B46: 1295711363 | C46: webbeddiver@aol.com | D46: 1 | E46: 1 | F46: 1
D48: =SUM(D1:D46) -> 39 | E48: =SUM(E1:E46) -> 39 | F48: =SUM(F1:F46) -> 9 | G48: =D48+E48+F48 -> 87
A50: FREE | D50: =COUNTIF(D$1:D$46,$A50) -> 1 | E50: =COUNTIF(E$1:E$46,$A50) -> 4 | F50: =COUNTIF(F$1:F$46,$A50) -> 0 | G50: =D50+E50+F50 -> 5
A52: Lisa Paris-brown | D52: 1 | E52: 1
A53: Sue Monk | C53: suesuemonk@virginmedia.com | D53: 2 | E53: 2
A54: Janet Oliver | C54: Coriecollies@mail.com | D54: 1 | E54: 1
A55: Michelle Verrill | B55: 07948 797964 | C55: mishflynn@ntlworld.com | E55: 1
A56: Debbie Giddens | B56: 07847 656386 | C56: debbie.giddens@gmail.com | D56: 1 | E56: 1
A57: Kay Allen | B57: 07986 089541 | C57: kay.allen41@gmail.com | D57: 1 | E57: 1
D60: =D48+SUM(D50:D57) -> 46 | E60: =E48+SUM(E50:E57) -> 50 | F60: =F48+SUM(F50:F57) -> 9 | G60: =D60+E60+F60 -> 105

Sheet Income
A1: Payments
A2: WyD
A3: Class entries | B3: ='Petersfield_&_District_DTS_2025'!X1100-6 -> 798 | C3: =B3*7.5 -> 5985
A4: Camping | B4: ='Camping summary'!D48 -> 39 | C4: =B4*5 -> 195
B5: ='Camping summary'!E48 -> 39 | C5: =B5*15 -> 585
B6: ='Camping summary'!F48 -> 9 | C6: =B6*5 -> 45
C8: =SUM(C3:C6) -> 6810
A10: Paper
A11: Class entries | B11: 6 | C11: =B11*7.5 -> 45
A14: Total Income: | C14: =C8+C11 -> 6855
